time,direction,speed,ti,veer,shear
2017-08-04 00:00:00,240.82031,17.75391,0.10864,-0.19336,0
2017-08-04 00:10:00,243.63281,16.64063,0.11841,-0.1582,-0.01465
2017-08-04 00:20:00,245.03906,15.87891,0.08545,0.1582,-0.01172
2017-08-04 00:30:00,244.33594,15.76172,0.10864,-0.03516,0.00879
2017-08-04 00:40:00,247.85156,16.69922,0.11719,0,-0.01465
2017-08-04 00:50:00,250.3125,15.64453,0.13062,0.12305,-0.02051
2017-08-04 01:00:00,247.5,15.9375,0.12207,-0.03516,-0.00293
2017-08-04 01:10:00,245.03906,15.46875,0.12451,0.01758,0.00586
2017-08-04 01:20:00,245.39063,15.9375,0.12207,-0.10547,0.01758
2017-08-04 01:30:00,246.79688,16.28906,0.09521,-0.10547,0.00879
2017-08-04 01:40:00,246.44531,16.23047,0.11353,0.10547,-0.01758
2017-08-04 01:50:00,245.39063,15.99609,0.11231,0.03516,-0.01465
2017-08-04 02:00:00,239.76563,16.75781,0.10864,0.22852,0.03516
2017-08-04 02:10:00,238.71094,16.23047,0.11231,0.17578,0.01758
2017-08-04 02:20:00,245.39063,16.75781,0.10864,0,0.01172
2017-08-04 02:30:00,242.57813,15.87891,0.12207,0.03516,0.00293
2017-08-04 02:40:00,244.6875,15.35156,0.13184,-0.01758,0
2017-08-04 02:50:00,242.22656,15.76172,0.11841,0.17578,0
2017-08-04 03:00:00,243.28125,15.87891,0.09644,-0.1582,0.00293
2017-08-04 03:10:00,239.0625,15.70313,0.10864,0.03516,0.02051
2017-08-04 03:20:00,244.6875,15.35156,0.10498,0.14062,-0.01758
2017-08-04 03:30:00,242.22656,15.82031,0.13062,0.10547,0.03516
2017-08-04 03:40:00,246.79688,15.9375,0.11597,-0.03516,-0.01172
2017-08-04 03:50:00,243.98438,15.70313,0.11231,0.03516,0
2017-08-04 04:00:00,242.92969,15.35156,0.1416,0.14062,0
2017-08-04 04:10:00,245.74219,15.70313,0.12085,-0.03516,-0.00879
2017-08-04 04:20:00,243.63281,15.23438,0.11841,0.05273,0.02051
2017-08-04 04:30:00,244.33594,15.23438,0.11963,0.10547,0.00586
2017-08-04 04:40:00,239.41406,15.11719,0.15381,0.24609,0.00586
2017-08-04 04:50:00,242.92969,15.29297,0.1355,-0.03516,0.02344
2017-08-04 05:00:00,239.76563,16.11328,0.13184,0,0.00293
2017-08-04 05:10:00,238.35938,16.28906,0.13672,0.14062,0.01465
2017-08-04 05:20:00,241.875,15.64453,0.12207,0.07031,-0.00586
2017-08-04 05:30:00,242.22656,16.17188,0.14771,-0.22852,-0.00586
2017-08-04 05:40:00,243.98438,15.82031,0.12329,-0.17578,0.01172
2017-08-04 05:50:00,239.0625,15.70313,0.14526,0.21094,0.02051
2017-08-04 06:00:00,245.74219,15.23438,0.14404,0.01758,0.02344
2017-08-04 06:10:00,249.60938,14.64844,0.1831,0.03516,-0.01172
2017-08-04 06:20:00,251.01563,14.58984,0.09888,-0.01758,-0.03516
2017-08-04 06:30:00,248.90625,15.70313,0.13916,-0.08789,0
2017-08-04 06:40:00,252.42188,14.70703,0.14893,-0.03516,0
2017-08-04 06:50:00,259.45313,13.53516,0.13794,-0.28125,-0.01465
2017-08-04 07:00:00,254.88281,14.41406,0.12817,-0.05273,-0.02051
2017-08-04 07:10:00,259.10156,15.17578,0.09033,-0.07031,-0.01465
2017-08-04 07:20:00,252.42188,15.64453,0.12451,0.14062,0
2017-08-04 07:30:00,258.04688,15.23438,0.10254,-0.28125,0.01758
2017-08-04 07:40:00,255.9375,15.23438,0.09277,-0.1582,0.00293
2017-08-04 07:50:00,251.71875,15.29297,0.13916,0.07031,0.02051
2017-08-04 08:00:00,249.25781,14.64844,0.1294,-0.08789,0.01758
2017-08-04 08:10:00,249.25781,15.17578,0.12329,0,0.00586
2017-08-04 08:20:00,250.3125,14.41406,0.13428,0.08789,-0.01172
2017-08-04 08:30:00,255.58594,13.30078,0.15747,-0.17578,0.01172
2017-08-04 08:40:00,253.47656,13.30078,0.11719,-0.01758,0.01465
2017-08-04 08:50:00,254.17969,14.41406,0.10254,-0.10547,0.03516
2017-08-04 09:00:00,256.28906,13.65234,0.10132,-0.29883,-0.01758
2017-08-04 09:10:00,251.36719,14.35547,0.12329,0.19336,0.00586
2017-08-04 09:20:00,252.77344,13.35938,0.15137,-0.03516,0.01172
2017-08-04 09:30:00,253.125,13.88672,0.1294,0.07031,-0.00293
2017-08-04 09:40:00,256.28906,13.82813,0.12451,-0.12305,0.00879
2017-08-04 09:50:00,247.85156,14.35547,0.11353,0.21094,0.00586
2017-08-04 10:00:00,251.36719,14.12109,0.11963,0.05273,0.01758
2017-08-04 10:10:00,248.55469,13.76953,0.13916,0.22852,0
2017-08-04 10:20:00,251.36719,13.94531,0.16357,0.05273,-0.01465
2017-08-04 10:30:00,250.3125,13.65234,0.10132,-0.19336,0.03223
2017-08-04 10:40:00,245.03906,13.88672,0.14282,-0.03516,0.02051
2017-08-04 10:50:00,246.44531,13.65234,0.13306,-0.01758,-0.00586
2017-08-04 11:00:00,246.79688,14.29688,0.13306,-0.14062,-0.00586
2017-08-04 11:10:00,250.3125,14.76563,0.10254,-0.05273,0.01758
2017-08-04 11:20:00,246.44531,14.35547,0.11475,-0.24609,0.0293
2017-08-04 11:30:00,242.22656,13.82813,0.12207,0.19336,0.01465
2017-08-04 11:40:00,241.875,14.23828,0.11475,0.1582,0.00879
2017-08-04 11:50:00,241.17188,14.12109,0.12207,0.35156,-0.00879
2017-08-04 12:00:00,241.17188,14.17969,0.12573,0.08789,0.00586
2017-08-04 12:10:00,239.0625,13.82813,0.12085,0.36914,-0.01465
2017-08-04 12:20:00,238.00781,14.47266,0.12329,0.28125,-0.00586
2017-08-04 12:30:00,240.82031,14.53125,0.12573,-0.03516,-0.00586
2017-08-04 12:40:00,242.22656,14.47266,0.11963,-0.12305,-0.01465
2017-08-04 12:50:00,234.49219,15,0.12085,0.42188,0.02051
2017-08-04 13:00:00,239.76563,14.58984,0.12085,0.08789,0.01758
2017-08-04 13:10:00,242.57813,14.12109,0.08667,0.1582,-0.00879
2017-08-04 13:20:00,240.11719,14.64844,0.1294,0.26367,0.03223
2017-08-04 13:30:00,237.65625,15.29297,0.12085,0.01758,0.01758
2017-08-04 13:40:00,238.00781,14.41406,0.11963,0.10547,-0.00879
2017-08-04 13:50:00,236.60156,14.17969,0.12695,0.03516,-0.01758
2017-08-04 14:00:00,238.35938,13.53516,0.10254,0.07031,-0.01465
2017-08-04 14:10:00,240.82031,13.59375,0.09399,-0.10547,-0.01172
2017-08-04 14:20:00,235.19531,14.94141,0.10986,0.01758,0.02051
2017-08-04 14:30:00,234.14063,14.12109,0.12329,0.08789,-0.00293
2017-08-04 14:40:00,238.71094,14.23828,0.13672,0.07031,0
2017-08-04 14:50:00,235.54688,12.65625,0.13916,0.10547,-0.03809
2017-08-04 15:00:00,232.03125,14.35547,0.13916,0.10547,0.05566
2017-08-04 15:10:00,235.89844,14.0625,0.11108,-0.1582,0.00586
2017-08-04 15:20:00,231.67969,13.94531,0.10864,0.07031,-0.00586
2017-08-04 15:30:00,233.4375,14.58984,0.11841,0.07031,0.01465
2017-08-04 15:40:00,230.27344,14.82422,0.13184,-0.03516,0.0293
2017-08-04 15:50:00,229.92188,14.17969,0.12695,-0.01758,0.00293
2017-08-04 16:00:00,233.08594,14.35547,0.12695,0.10547,0.00293
2017-08-04 16:10:00,235.89844,14.58984,0.14526,-0.08789,0.00293
2017-08-04 16:20:00,232.73438,14.0625,0.13794,0.05273,0.01172
2017-08-04 16:30:00,235.54688,14.23828,0.12329,0.31641,0.00586
2017-08-04 16:40:00,233.08594,13.94531,0.14038,0.33398,0.00879
2017-08-04 16:50:00,235.54688,13.06641,0.13794,0.24609,-0.00293
2017-08-04 17:00:00,235.19531,12.94922,0.11475,0.03516,0.01172
2017-08-04 17:10:00,241.52344,12.71484,0.13428,-0.29883,-0.00586
2017-08-04 17:20:00,233.4375,12.53906,0.15137,0.03516,0.00879
2017-08-04 17:30:00,235.89844,13.18359,0.14404,-0.07031,0.00293
2017-08-04 17:40:00,240.46875,12.71484,0.1416,-0.14062,-0.00293
2017-08-04 17:50:00,239.41406,12.42188,0.1416,-0.05273,0.00293
2017-08-04 18:00:00,236.25,11.95313,0.1062,0.03516,0.01172
2017-08-04 18:10:00,236.25,11.36719,0.09521,0.05273,0.01172
2017-08-04 18:20:00,238.00781,11.77734,0.12207,-0.1582,0.00293
2017-08-04 18:30:00,233.78906,10.89844,0.13428,-0.10547,0
2017-08-04 18:40:00,237.65625,11.19141,0.09521,-0.05273,0.01465
2017-08-04 18:50:00,241.875,10.78125,0.11719,-0.05273,0.01172
2017-08-04 19:00:00,250.66406,11.19141,0.14893,-0.21094,-0.00586
2017-08-04 19:10:00,247.85156,9.78516,0.10864,0.01758,0.01172
2017-08-04 19:20:00,244.33594,9.78516,0.12085,0.05273,0.01172
2017-08-04 19:30:00,248.90625,8.67188,0.1062,0.01758,0.00879
2017-08-04 19:40:00,253.47656,8.73047,0.14038,-0.05273,0.00586
2017-08-04 19:50:00,262.61719,8.55469,0.15015,-0.08789,0.00293
2017-08-04 20:00:00,260.15625,8.02734,0.11841,0.19336,0.00879
2017-08-04 20:10:00,268.59375,7.61719,0.12329,0.03516,-0.00879
2017-08-04 20:20:00,267.53906,8.14453,0.12695,0,0.01172
2017-08-04 20:30:00,266.13281,7.91016,0.13672,-0.05273,0.00586
2017-08-04 20:40:00,268.24219,7.20703,0.13672,-0.08789,0.01172
2017-08-04 20:50:00,273.86719,6.44531,0.13672,-0.01758,0.01172
2017-08-04 21:00:00,271.75781,5.85938,0.15747,0.33398,0.0293
2017-08-04 21:10:00,280.89844,5.15625,0.19287,0.10547,0.00586
2017-08-04 21:20:00,279.84375,5.56641,0.177,-0.07031,0.01758
2017-08-04 21:30:00,289.6875,5.80078,0.20508,-0.12305,0.02051
2017-08-04 21:40:00,299.17969,5.15625,0.19898,0.33398,0.00586
2017-08-04 21:50:00,336.44531,7.5,0.5127,-0.87891,0.02637
2017-08-04 22:00:00,312.53906,6.21094,0.24902,0.33398,0.01758
2017-08-04 22:10:00,298.47656,5.80078,0.26245,0.33398,0.02051
2017-08-04 22:20:00,299.53125,4.33594,0.13916,0.29883,0.00879
2017-08-04 22:30:00,285.82031,4.86328,0.18433,-0.36914,-0.01465
2017-08-04 22:40:00,286.17188,5.39063,0.16357,0.08789,0.01172
2017-08-04 22:50:00,299.17969,4.27734,0.22583,-0.10547,0.00586
2017-08-04 23:00:00,301.28906,6.32813,0.15015,0.12305,0.00879
2017-08-04 23:10:00,299.53125,6.5625,0.11841,0.24609,0.00293
2017-08-04 23:20:00,283.71094,7.26563,0.12329,-0.08789,0.01172
2017-08-04 23:30:00,284.0625,6.03516,0.21362,-0.1582,0.02344
2017-08-04 23:40:00,267.53906,4.39453,0.18066,-0.42188,0.00293
2017-08-04 23:50:00,289.33594,4.74609,0.16724,-0.1582,-0.00879
2017-08-05 00:00:00,299.53125,5.09766,0.16357,-0.12305,-0.00879
2017-08-05 00:10:00,292.14844,4.51172,0.10254,-0.21094,0.00879
2017-08-05 00:20:00,287.22656,3.98438,0.12451,-0.07031,0.01465
2017-08-05 00:30:00,291.09375,4.10156,0.19775,0.12305,0.00293
2017-08-05 00:40:00,294.96094,4.45313,0.1709,-0.1582,0.01465
2017-08-05 00:50:00,290.74219,3.86719,0.22339,-0.31641,0
2017-08-05 01:00:00,281.95313,3.63281,0.16235,0.01758,0
2017-08-05 01:10:00,287.92969,3.75,0.17822,0.14062,0
2017-08-05 01:20:00,307.26563,4.16016,0.15259,-0.08789,-0.00879
2017-08-05 01:30:00,301.28906,4.33594,0.1416,0.24609,0.01465
2017-08-05 01:40:00,311.48438,4.86328,0.13916,-0.07031,-0.00293
2017-08-05 01:50:00,305.15625,4.74609,0.1416,-0.08789,0.00879
2017-08-05 02:00:00,301.28906,4.57031,0.14648,0.07031,0
2017-08-05 02:10:00,301.28906,4.86328,0.15381,-0.19336,0.01758
2017-08-05 02:20:00,298.82813,5.27344,0.10376,0.22852,0.00586
2017-08-05 02:30:00,312.89063,5.15625,0.14648,-0.26367,0.00586
2017-08-05 02:40:00,309.02344,5.21484,0.19775,-0.05273,-0.00879
2017-08-05 02:50:00,308.32031,5.91797,0.10864,0.14062,0
2017-08-05 03:00:00,314.64844,5.09766,0.17944,-0.07031,-0.00293
2017-08-05 03:10:00,308.32031,4.98047,0.14893,-0.07031,0
2017-08-05 03:20:00,315.35156,4.74609,0.14893,0.01758,0.00879
2017-08-05 03:30:00,306.5625,3.80859,0.17334,-0.21094,-0.00586
2017-08-05 03:40:00,309.375,3.80859,0.23804,0.22852,-0.00293
2017-08-05 03:50:00,311.13281,4.51172,0.12451,0.1582,-0.00879
2017-08-05 04:00:00,320.97656,4.04297,0.15991,-0.08789,-0.00586
2017-08-05 04:10:00,317.10938,4.10156,0.16846,-0.36914,0
2017-08-05 04:20:00,312.1875,4.86328,0.13794,0.07031,-0.00586
2017-08-05 04:30:00,315.35156,4.39453,0.14404,0.07031,0
2017-08-05 04:40:00,319.57031,4.39453,0.15259,-0.03516,-0.00293
2017-08-05 04:50:00,316.05469,4.16016,0.21728,-0.07031,0.00586
2017-08-05 05:00:00,333.63281,4.57031,0.16357,-0.19336,0.00293
2017-08-05 05:10:00,319.92188,4.39453,0.13672,0.12305,-0.01172
2017-08-05 05:20:00,316.40625,4.45313,0.14404,-0.07031,-0.00879
2017-08-05 05:30:00,316.75781,3.75,0.15503,0,-0.01465
2017-08-05 05:40:00,304.10156,3.98438,0.20142,-0.12305,0.00879
2017-08-05 05:50:00,303.39844,3.57422,0.2002,-0.22852,-0.00586
2017-08-05 06:00:00,302.34375,4.16016,0.15137,0.21094,0
2017-08-05 06:10:00,307.26563,4.45313,0.12817,-0.01758,0
2017-08-05 06:20:00,305.50781,4.57031,0.11231,0,-0.00293
2017-08-05 06:30:00,303.39844,4.39453,0.14648,0.05273,0.00293
2017-08-05 06:40:00,304.45313,5.03906,0.14893,0.10547,-0.01172
2017-08-05 06:50:00,296.71875,5.44922,0.11353,0.01758,-0.00586
2017-08-05 07:00:00,300.58594,5.625,0.14771,0,-0.00586
2017-08-05 07:10:00,298.82813,6.44531,0.13672,0.03516,0.01172
2017-08-05 07:20:00,295.66406,6.03516,0.18799,-0.17578,0
2017-08-05 07:30:00,291.09375,4.86328,0.14893,-0.14062,0
2017-08-05 07:40:00,287.22656,4.98047,0.16113,-0.10547,0.00879
2017-08-05 07:50:00,278.4375,4.51172,0.16479,-0.03516,0.01465
2017-08-05 08:00:00,283.00781,4.51172,0.20386,-0.1582,0.00293
2017-08-05 08:10:00,290.03906,5.09766,0.14404,0.1582,0
2017-08-05 08:20:00,278.78906,5.91797,0.15869,0.14062,0.00293
2017-08-05 08:30:00,281.95313,5.625,0.11108,-0.01758,-0.00879
2017-08-05 08:40:00,284.0625,6.09375,0.15625,-0.21094,0
2017-08-05 08:50:00,289.6875,6.15234,0.14038,-0.14062,-0.00293
2017-08-05 09:00:00,304.80469,6.09375,0.11597,0.03516,0
2017-08-05 09:10:00,299.53125,6.26953,0.12329,0.10547,0.00586
2017-08-05 09:20:00,294.96094,6.73828,0.09155,0.10547,-0.00879
2017-08-05 09:30:00,294.25781,6.91406,0.09399,0.14062,0.01172
2017-08-05 09:40:00,291.79688,7.03125,0.11963,0.21094,0.01758
2017-08-05 09:50:00,299.88281,7.73438,0.13428,-0.24609,0
2017-08-05 10:00:00,296.36719,7.44141,0.13794,-0.07031,0.00586
2017-08-05 10:10:00,294.25781,8.08594,0.15381,0.03516,0.00293
2017-08-05 10:20:00,300.23438,7.26563,0.17578,-0.03516,0
2017-08-05 10:30:00,295.3125,7.79297,0.11231,0.07031,0.02344
2017-08-05 10:40:00,294.25781,7.5,0.1416,-0.07031,0.00293
2017-08-05 10:50:00,294.60938,7.67578,0.10742,-0.22852,-0.02051
2017-08-05 11:00:00,291.09375,7.91016,0.11353,0,0.00586
2017-08-05 11:10:00,292.85156,8.26172,0.14771,0.08789,-0.00293
2017-08-05 11:20:00,299.17969,8.4375,0.11841,-0.10547,0.00879
2017-08-05 11:30:00,297.77344,8.32031,0.16235,0.12305,-0.01758
2017-08-05 11:40:00,298.82813,8.73047,0.14038,-0.05273,0.01465
2017-08-05 11:50:00,298.125,8.73047,0.12451,-0.1582,0.02344
2017-08-05 12:00:00,296.36719,8.61328,0.16113,0,0.00293
2017-08-05 12:10:00,292.5,8.4375,0.12817,-0.07031,-0.01758
2017-08-05 12:20:00,291.44531,8.08594,0.15259,-0.10547,-0.01465
2017-08-05 12:30:00,289.33594,8.08594,0.10498,-0.17578,-0.01172
2017-08-05 12:40:00,289.6875,7.79297,0.11231,-0.05273,0.01172
2017-08-05 12:50:00,286.52344,7.61719,0.15869,0,0.00586
2017-08-05 13:00:00,285.82031,7.79297,0.13428,0,0
2017-08-05 13:10:00,287.92969,8.14453,0.14526,-0.01758,0.00586
2017-08-05 13:20:00,290.39063,8.20313,0.14282,0,0
2017-08-05 13:30:00,286.52344,8.61328,0.15503,-0.14062,-0.00879
2017-08-05 13:40:00,284.76563,8.55469,0.10986,0.08789,0
2017-08-05 13:50:00,279.49219,8.61328,0.13184,0.07031,-0.01465
2017-08-05 14:00:00,280.54688,8.78906,0.1294,0.21094,-0.01172
2017-08-05 14:10:00,280.54688,9.02344,0.15625,-0.19336,0.00586
2017-08-05 14:20:00,279.84375,8.61328,0.1416,-0.01758,0.00293
2017-08-05 14:30:00,278.08594,8.96484,0.13428,-0.03516,0.02051
2017-08-05 14:40:00,288.98438,8.32031,0.13794,0,-0.00879
2017-08-05 14:50:00,288.28125,8.49609,0.15137,0.28125,-0.00586
2017-08-05 15:00:00,288.63281,8.78906,0.1355,-0.10547,-0.00293
2017-08-05 15:10:00,283.00781,8.96484,0.14038,0.22852,0
2017-08-05 15:20:00,286.52344,8.49609,0.11841,0.10547,-0.01172
2017-08-05 15:30:00,286.52344,9.08203,0.12451,0.31641,-0.01172
2017-08-05 15:40:00,287.57813,9.375,0.11108,0.1582,0.00293
2017-08-05 15:50:00,290.74219,8.49609,0.18433,0.21094,0
2017-08-05 16:00:00,289.33594,9.19922,0.11841,0.14062,0.02051
2017-08-05 16:10:00,289.33594,8.78906,0.12085,-0.08789,0.00586
2017-08-05 16:20:00,288.28125,8.4375,0.15259,-0.07031,-0.01465
2017-08-05 16:30:00,286.875,9.49219,0.14038,0.17578,-0.00879
2017-08-05 16:40:00,291.44531,9.19922,0.09766,-0.01758,0.00586
2017-08-05 16:50:00,285.11719,8.73047,0.14648,-0.08789,-0.00586
2017-08-05 17:00:00,285.82031,8.4375,0.15991,0.08789,0.00586
2017-08-05 17:10:00,277.38281,8.78906,0.14404,0.08789,0.00879
2017-08-05 17:20:00,275.97656,8.84766,0.11841,0,0.01758
2017-08-05 17:30:00,273.86719,9.02344,0.14038,0.05273,-0.02344
2017-08-05 17:40:00,273.86719,8.67188,0.177,0.14062,-0.01758
2017-08-05 17:50:00,277.03125,11.54297,0.13794,-0.24609,0.00879
2017-08-05 18:00:00,263.32031,11.77734,0.12085,0.05273,-0.01172
2017-08-05 18:10:00,262.96875,9.14063,0.15015,0.22852,0.02637
2017-08-05 18:20:00,264.72656,7.38281,0.18066,0.08789,0.00293
2017-08-05 18:30:00,264.72656,6.67969,0.14038,0.1582,0.01758
2017-08-05 18:40:00,267.1875,6.62109,0.17334,0.17578,-0.01465
2017-08-05 18:50:00,267.89063,6.5625,0.16602,0.07031,0
2017-08-05 19:00:00,275.97656,7.5,0.10864,-0.12305,-0.01465
2017-08-05 19:10:00,274.57031,7.38281,0.14648,0.05273,0.00879
2017-08-05 19:20:00,266.13281,6.09375,0.16235,-0.05273,-0.00586
2017-08-05 19:30:00,262.96875,5.74219,0.16113,-0.29883,-0.00586
2017-08-05 19:40:00,262.61719,6.85547,0.10498,0.07031,-0.00293
2017-08-05 19:50:00,264.72656,7.44141,0.14404,-0.05273,0.00586
2017-08-05 20:00:00,275.625,7.79297,0.1294,-0.08789,0.01758
2017-08-05 20:10:00,277.73438,7.61719,0.1709,-0.01758,-0.00293
2017-08-05 20:20:00,283.35938,7.91016,0.12451,-0.05273,-0.00293
2017-08-05 20:30:00,283.71094,7.79297,0.1416,-0.14062,0.00586
2017-08-05 20:40:00,280.19531,8.14453,0.13428,-0.01758,0.00293
2017-08-05 20:50:00,277.38281,8.02734,0.15259,-0.08789,-0.01465
2017-08-05 21:00:00,277.03125,8.84766,0.14038,-0.12305,0
2017-08-05 21:10:00,271.40625,8.78906,0.12695,0.05273,-0.01465
2017-08-05 21:20:00,271.05469,8.90625,0.1355,0.12305,-0.03516
2017-08-05 21:30:00,273.86719,9.60938,0.1001,-0.29883,0.00879
2017-08-05 21:40:00,262.26563,9.78516,0.13672,0.19336,0.01758
2017-08-05 21:50:00,263.32031,9.96094,0.14038,0.17578,-0.00293
2017-08-05 22:00:00,268.24219,9.66797,0.13916,-0.08789,-0.01758
2017-08-05 22:10:00,265.07813,10.19531,0.11231,-0.03516,-0.00586
2017-08-05 22:20:00,267.53906,9.84375,0.13062,-0.01758,-0.02344
2017-08-05 22:30:00,265.07813,9.90234,0.11475,-0.10547,0.01465
2017-08-05 22:40:00,267.53906,9.90234,0.1355,-0.05273,0.01465
2017-08-05 22:50:00,270.35156,9.25781,0.15137,0.14062,0.00293
2017-08-05 23:00:00,260.85938,9.55078,0.14038,0,0.01172
2017-08-05 23:10:00,262.61719,10.25391,0.16235,-0.03516,0.00293
2017-08-05 23:20:00,264.02344,10.48828,0.17822,-0.17578,-0.00293
2017-08-05 23:30:00,267.1875,9.96094,0.1355,-0.21094,0
2017-08-05 23:40:00,257.34375,9.78516,0.19287,0.14062,0.01465
2017-08-05 23:50:00,266.83594,11.95313,0.12329,0.10547,0.02051
2017-08-06 00:00:00,270,11.77734,0.14404,-0.31641,0.02637
2017-08-06 00:10:00,268.24219,11.54297,0.18066,0.10547,0.00293
2017-08-06 00:20:00,266.48438,10.83984,0.13062,0.05273,0.00879
2017-08-06 00:30:00,275.27344,11.54297,0.11719,0.07031,0.00879
2017-08-06 00:40:00,272.10938,10.78125,0.16235,0.14062,-0.01758
2017-08-06 00:50:00,275.97656,11.25,0.11963,-0.17578,0.00879
2017-08-06 01:00:00,275.625,10.89844,0.12329,0.21094,-0.00293
2017-08-06 01:10:00,270.70313,10.83984,0.17578,0.29883,0.01758
2017-08-06 01:20:00,277.03125,10.25391,0.11963,0.01758,0.00293
2017-08-06 01:30:00,279.84375,9.90234,0.11475,0.22852,0.00586
2017-08-06 01:40:00,287.57813,9.96094,0.12207,-0.07031,0.00586
2017-08-06 01:50:00,292.85156,10.01953,0.15625,-0.03516,-0.00586
2017-08-06 02:00:00,288.63281,10.25391,0.11841,0.14062,-0.01758
2017-08-06 02:10:00,286.52344,10.54688,0.13672,0.21094,-0.00586
2017-08-06 02:20:00,285.82031,10.01953,0.12817,-0.1582,0.00293
2017-08-06 02:30:00,283.71094,9.72656,0.13916,0.10547,-0.00879
2017-08-06 02:40:00,282.30469,10.25391,0.11353,0.31641,0.02051
2017-08-06 02:50:00,284.41406,9.78516,0.14771,0.19336,0.00293
2017-08-06 03:00:00,290.39063,9.19922,0.1355,-0.05273,-0.00586
2017-08-06 03:10:00,297.07031,9.08203,0.1355,-0.1582,-0.00879
2017-08-06 03:20:00,294.25781,8.96484,0.12451,0.03516,0
2017-08-06 03:30:00,298.47656,8.49609,0.11475,-0.03516,0
2017-08-06 03:40:00,294.25781,8.61328,0.12573,-0.08789,-0.00293
2017-08-06 03:50:00,296.71875,8.32031,0.15381,-0.12305,-0.02051
2017-08-06 04:00:00,290.39063,7.85156,0.15991,0.05273,-0.01758
2017-08-06 04:10:00,293.20313,8.02734,0.12573,-0.22852,-0.01172
2017-08-06 04:20:00,294.25781,7.5,0.15625,0.05273,-0.01758
2017-08-06 04:30:00,295.3125,7.08984,0.13916,-0.08789,0.00879
2017-08-06 04:40:00,290.39063,7.5,0.1416,-0.07031,-0.00293
2017-08-06 04:50:00,290.39063,7.08984,0.1294,0,-0.00586
2017-08-06 05:00:00,283.35938,6.79688,0.11108,0.07031,0.00586
2017-08-06 05:10:00,284.41406,6.97266,0.13428,0,0.01465
2017-08-06 05:20:00,286.17188,7.55859,0.17334,-0.10547,0.01758
2017-08-06 05:30:00,283.71094,6.85547,0.1709,-0.01758,0.02051
2017-08-06 05:40:00,273.51563,6.97266,0.16602,0.19336,0.01758
2017-08-06 05:50:00,280.19531,6.91406,0.11475,0.03516,0.00879
2017-08-06 06:00:00,267.53906,7.5,0.1709,0.29883,0.01172
2017-08-06 06:10:00,266.48438,7.85156,0.13916,0.01758,0.00879
2017-08-06 06:20:00,274.21875,7.67578,0.12207,-0.05273,0.01465
2017-08-06 06:30:00,272.10938,7.5,0.1355,0.08789,-0.00586
2017-08-06 06:40:00,273.16406,7.67578,0.11841,-0.08789,0.01465
2017-08-06 06:50:00,261.91406,7.61719,0.1294,0.26367,0.0293
2017-08-06 07:00:00,271.75781,7.61719,0.10742,-0.1582,0.00879
2017-08-06 07:10:00,269.64844,7.44141,0.14648,0.07031,-0.01758
2017-08-06 07:20:00,273.51563,7.03125,0.18066,0.17578,0
2017-08-06 07:30:00,275.97656,7.03125,0.11597,-0.29883,-0.00879
2017-08-06 07:40:00,270,6.5625,0.1709,-0.31641,-0.00293
2017-08-06 07:50:00,270,7.08984,0.14648,-0.17578,-0.00586
2017-08-06 08:00:00,268.24219,6.67969,0.11231,0.07031,0.00879
2017-08-06 08:10:00,268.24219,6.21094,0.11719,-0.26367,0
2017-08-06 08:20:00,254.53125,6.5625,0.16113,0.08789,0.01465
2017-08-06 08:30:00,261.21094,6.09375,0.12451,-0.12305,-0.00293
2017-08-06 08:40:00,258.04688,6.38672,0.13062,-0.24609,0
2017-08-06 08:50:00,258.75,6.50391,0.13306,-0.01758,-0.00293
2017-08-06 09:00:00,264.02344,6.21094,0.177,0,-0.01172
2017-08-06 09:10:00,259.10156,6.91406,0.1416,-0.10547,-0.01172
2017-08-06 09:20:00,258.04688,6.79688,0.12573,0.10547,0.01172
2017-08-06 09:30:00,259.45313,6.79688,0.13428,0.10547,0.00586
2017-08-06 09:40:00,259.10156,6.73828,0.15381,-0.01758,-0.00293
2017-08-06 09:50:00,256.99219,6.97266,0.13794,0.29883,0.00586
2017-08-06 10:00:00,260.15625,6.5625,0.11719,0.08789,-0.01172
2017-08-06 10:10:00,259.10156,6.85547,0.11719,0.19336,0.01465
2017-08-06 10:20:00,258.75,6.91406,0.13184,-0.01758,0.01758
2017-08-06 10:30:00,260.15625,6.09375,0.16113,0.05273,0
2017-08-06 10:40:00,257.34375,5.80078,0.18677,0.10547,-0.00879
2017-08-06 10:50:00,252.07031,6.03516,0.13062,0.07031,0.00293
2017-08-06 11:00:00,253.47656,5.97656,0.11597,-0.14062,0.00293
2017-08-06 11:10:00,257.34375,6.44531,0.16846,0.05273,-0.00879
2017-08-06 11:20:00,257.34375,5.97656,0.1294,0.08789,-0.00293
2017-08-06 11:30:00,252.07031,6.62109,0.09399,-0.03516,0.00879
2017-08-06 11:40:00,254.17969,5.97656,0.12085,0.01758,0.00879
2017-08-06 11:50:00,248.90625,5.80078,0.16602,-0.17578,0
2017-08-06 12:00:00,246.79688,5.39063,0.20996,0.07031,0.00879
2017-08-06 12:10:00,251.01563,5.50781,0.18677,-0.01758,0
2017-08-06 12:20:00,250.66406,5.68359,0.12695,-0.03516,0.00293
2017-08-06 12:30:00,255.58594,5.80078,0.20386,0.03516,0
2017-08-06 12:40:00,251.01563,5.85938,0.16479,-0.01758,0.01758
2017-08-06 12:50:00,256.28906,5.74219,0.16357,-0.24609,-0.00586
2017-08-06 13:00:00,250.3125,6.73828,0.13794,0.07031,0.00586
2017-08-06 13:10:00,253.125,6.50391,0.14648,-0.03516,0.00879
2017-08-06 13:20:00,255.58594,6.38672,0.12695,-0.22852,-0.00586
2017-08-06 13:30:00,251.71875,6.21094,0.09888,-0.21094,-0.00586
2017-08-06 13:40:00,249.60938,6.73828,0.11231,-0.19336,0.00586
2017-08-06 13:50:00,246.44531,6.85547,0.11353,-0.1582,0.00879
2017-08-06 14:00:00,248.55469,6.44531,0.11231,-0.1582,0.01172
2017-08-06 14:10:00,251.01563,5.97656,0.16846,0.05273,0
2017-08-06 14:20:00,239.41406,6.26953,0.10742,0.21094,0.00879
2017-08-06 14:30:00,245.74219,6.79688,0.11963,-0.24609,0.00879
2017-08-06 14:40:00,241.52344,6.15234,0.1062,0.03516,-0.00586
2017-08-06 14:50:00,239.0625,6.32813,0.11841,0.10547,0
2017-08-06 15:00:00,244.6875,6.15234,0.12573,-0.21094,-0.00586
2017-08-06 15:10:00,239.41406,5.97656,0.1416,0.01758,0.00586
2017-08-06 15:20:00,232.38281,6.09375,0.11353,0.08789,0.00879
2017-08-06 15:30:00,238.71094,5.85938,0.13184,0,-0.01465
2017-08-06 15:40:00,235.89844,5.80078,0.11475,0,-0.01172
2017-08-06 15:50:00,238.35938,5.80078,0.12573,-0.07031,-0.00879
2017-08-06 16:00:00,236.25,5.91797,0.13306,0.19336,0
2017-08-06 16:10:00,235.89844,5.97656,0.12573,-0.14062,0
2017-08-06 16:20:00,235.19531,5.68359,0.11108,0.1582,-0.00586
2017-08-06 16:30:00,235.19531,5.50781,0.12085,0.08789,0.00879
2017-08-06 16:40:00,235.19531,5.21484,0.12329,-0.19336,0.00879
2017-08-06 16:50:00,225,5.27344,0.13062,0.07031,0
2017-08-06 17:00:00,223.24219,5.33203,0.10986,0.03516,0
2017-08-06 17:10:00,220.78125,5.50781,0.11719,0.01758,-0.00586
2017-08-06 17:20:00,216.91406,5.625,0.09399,0.07031,0.00586
2017-08-06 17:30:00,215.15625,5.74219,0.11475,-0.03516,0.00293
2017-08-06 17:40:00,216.5625,5.68359,0.08057,0.05273,-0.00293
2017-08-06 17:50:00,219.02344,5.80078,0.10254,0.05273,-0.00586
2017-08-06 18:00:00,220.78125,6.15234,0.1294,-0.07031,-0.01465
2017-08-06 18:10:00,214.45313,6.32813,0.09277,-0.01758,0
2017-08-06 18:20:00,222.89063,6.44531,0.09277,-0.14062,-0.00586
2017-08-06 18:30:00,220.78125,6.79688,0.1355,-0.10547,0.01465
2017-08-06 18:40:00,224.64844,6.73828,0.10986,-0.29883,0.01465
2017-08-06 18:50:00,226.40625,6.91406,0.11841,-0.07031,0.01465
2017-08-06 19:00:00,225,6.91406,0.14526,-0.10547,0.00293
2017-08-06 19:10:00,224.64844,6.67969,0.15015,-0.01758,0
2017-08-06 19:20:00,224.64844,6.73828,0.14038,-0.07031,-0.02344
2017-08-06 19:30:00,226.40625,6.97266,0.12329,-0.19336,-0.00293
2017-08-06 19:40:00,222.1875,6.85547,0.12207,-0.01758,-0.00293
2017-08-06 19:50:00,221.13281,6.79688,0.11353,-0.03516,-0.00293
2017-08-06 20:00:00,225,6.73828,0.11597,0.01758,0.00879
2017-08-06 20:10:00,222.1875,7.14844,0.09033,-0.01758,0.00586
2017-08-06 20:20:00,223.94531,7.38281,0.15015,0,0.01172
2017-08-06 20:30:00,219.02344,7.61719,0.11841,0.19336,0.00586
2017-08-06 20:40:00,219.72656,7.79297,0.12085,0,0.00293
2017-08-06 20:50:00,223.59375,7.5,0.10864,0.10547,0.00586
2017-08-06 21:00:00,218.67188,7.61719,0.10986,0.01758,0.00586
2017-08-06 21:10:00,220.07813,7.79297,0.12573,0.1582,0.00879
2017-08-06 21:20:00,219.02344,7.5,0.11108,-0.07031,-0.01172
2017-08-06 21:30:00,219.72656,7.67578,0.15625,-0.07031,-0.00879
2017-08-06 21:40:00,217.26563,7.67578,0.08667,0.03516,0
2017-08-06 21:50:00,215.85938,7.85156,0.14893,0.01758,0.00293
2017-08-06 22:00:00,214.10156,8.73047,0.09277,-0.14062,0.00879
2017-08-06 22:10:00,211.64063,7.91016,0.12451,0.03516,0.00586
2017-08-06 22:20:00,210.9375,8.20313,0.13428,-0.10547,0.01465
2017-08-06 22:30:00,211.99219,7.5,0.15869,0.07031,-0.00879
2017-08-06 22:40:00,209.17969,7.73438,0.13428,0.14062,-0.01758
2017-08-06 22:50:00,210.9375,8.02734,0.15381,0.01758,-0.00293
2017-08-06 23:00:00,214.80469,7.5,0.14771,-0.03516,0.00293
2017-08-06 23:10:00,210.23438,8.14453,0.09033,0.05273,0.02637
2017-08-06 23:20:00,205.66406,8.08594,0.11108,0.14062,0.00879
2017-08-06 23:30:00,210.9375,8.4375,0.11841,-0.07031,-0.01758
2017-08-06 23:40:00,205.66406,8.84766,0.11963,-0.05273,-0.01172
2017-08-06 23:50:00,207.42188,8.78906,0.10742,-0.03516,-0.00293
2017-08-07 00:00:00,208.125,9.31641,0.12695,-0.03516,-0.00586
2017-08-07 00:10:00,206.71875,9.19922,0.13428,0.12305,-0.0293
2017-08-07 00:20:00,208.47656,9.375,0.12817,-0.05273,-0.01172
2017-08-07 00:30:00,211.99219,9.49219,0.16968,0,-0.02344
2017-08-07 00:40:00,211.64063,10.3125,0.11475,-0.07031,0.01172
2017-08-07 00:50:00,211.28906,9.78516,0.17944,0.17578,0.01758
2017-08-07 01:00:00,215.85938,9.66797,0.11841,-0.26367,-0.00293
2017-08-07 01:10:00,212.69531,9.49219,0.13428,0.07031,-0.02637
2017-08-07 01:20:00,215.50781,9.84375,0.10864,-0.38672,0.00293
2017-08-07 01:30:00,216.21094,9.72656,0.16479,0.03516,0.01758
2017-08-07 01:40:00,216.91406,9.43359,0.10864,-0.03516,0.00879
2017-08-07 01:50:00,219.375,9.96094,0.1001,-0.01758,0.00586
2017-08-07 02:00:00,216.5625,9.60938,0.14282,0,0.00879
2017-08-07 02:10:00,216.5625,9.78516,0.09155,0.19336,-0.01758
2017-08-07 02:20:00,217.26563,10.19531,0.09766,0.07031,0.00586
2017-08-07 02:30:00,220.42969,10.19531,0.09521,-0.07031,-0.00879
2017-08-07 02:40:00,221.13281,9.96094,0.09399,0.05273,0.00586
2017-08-07 02:50:00,225,9.78516,0.11719,-0.03516,-0.00586
2017-08-07 03:00:00,227.10938,10.07813,0.10376,-0.12305,0.01465
2017-08-07 03:10:00,221.13281,9.72656,0.10864,0.29883,0.00586
2017-08-07 03:20:00,227.10938,9.55078,0.08545,0,-0.01758
2017-08-07 03:30:00,221.48438,9.84375,0.09155,0.14062,0.00879
2017-08-07 03:40:00,228.51563,8.96484,0.08789,-0.10547,0.00293
2017-08-07 03:50:00,225,9.02344,0.09644,-0.10547,0.00586
2017-08-07 04:00:00,223.59375,8.96484,0.12817,-0.22852,0.00293
2017-08-07 04:10:00,226.05469,9.25781,0.0769,0.01758,0.00586
2017-08-07 04:20:00,218.67188,9.19922,0.11963,-0.05273,0.00879
2017-08-07 04:30:00,217.96875,9.02344,0.12085,-0.07031,0.00879
2017-08-07 04:40:00,217.26563,8.73047,0.08179,-0.05273,-0.00879
2017-08-07 04:50:00,215.85938,8.84766,0.12695,-0.08789,0
2017-08-07 05:00:00,217.26563,8.26172,0.12573,-0.12305,-0.02344
2017-08-07 05:10:00,207.77344,8.73047,0.10742,0,0.00293
2017-08-07 05:20:00,210.9375,8.61328,0.11597,0.10547,0.00293
2017-08-07 05:30:00,218.67188,8.61328,0.15747,0,0.00586
2017-08-07 05:40:00,220.78125,8.4375,0.10864,-0.07031,-0.00293
2017-08-07 05:50:00,219.72656,8.08594,0.11231,0.10547,-0.00879
2017-08-07 06:00:00,215.50781,7.67578,0.15869,0.19336,-0.00879
2017-08-07 06:10:00,214.80469,8.02734,0.1294,-0.03516,0.00879
2017-08-07 06:20:00,217.26563,8.73047,0.14526,0.05273,0.02051
2017-08-07 06:30:00,216.21094,8.37891,0.12085,0.07031,0.00293
2017-08-07 06:40:00,213.04688,8.55469,0.12085,0.21094,0.00293
2017-08-07 06:50:00,215.50781,9.25781,0.1294,0,0
2017-08-07 07:00:00,226.75781,8.78906,0.10864,-0.14062,-0.00879
2017-08-07 07:10:00,225.70313,8.26172,0.13794,-0.05273,-0.02051
2017-08-07 07:20:00,218.32031,8.37891,0.15381,-0.22852,-0.02051
2017-08-07 07:30:00,223.94531,8.55469,0.16724,-0.03516,-0.02637
2017-08-07 07:40:00,220.78125,8.90625,0.11231,-0.07031,-0.00293
2017-08-07 07:50:00,215.15625,8.90625,0.09766,0,0.00293
2017-08-07 08:00:00,214.45313,8.67188,0.10498,0.22852,-0.01172
2017-08-07 08:10:00,218.32031,8.84766,0.11353,0.14062,0.00293
2017-08-07 08:20:00,219.02344,8.96484,0.12817,-0.19336,0
2017-08-07 08:30:00,226.40625,9.08203,0.09644,-0.26367,-0.01758
2017-08-07 08:40:00,215.50781,9.19922,0.12695,-0.03516,0.00586
2017-08-07 08:50:00,216.21094,9.25781,0.11963,0.07031,-0.01758
2017-08-07 09:00:00,215.15625,9.72656,0.14038,0,0.01758
2017-08-07 09:10:00,218.32031,9.60938,0.12207,0.07031,0.0293
2017-08-07 09:20:00,220.42969,9.55078,0.11841,-0.17578,0.00879
2017-08-07 09:30:00,223.59375,9.31641,0.12329,-0.03516,0.00879
2017-08-07 09:40:00,222.1875,9.375,0.11231,0.14062,-0.00879
2017-08-07 09:50:00,219.02344,9.375,0.1416,0.22852,0.00879
2017-08-07 10:00:00,223.59375,9.31641,0.13184,0,0.00879
2017-08-07 10:10:00,221.83594,8.84766,0.10254,0.01758,-0.01465
2017-08-07 10:20:00,230.27344,9.08203,0.12451,-0.01758,0.00879
2017-08-07 10:30:00,226.40625,8.73047,0.13184,0.05273,-0.01172
2017-08-07 10:40:00,230.27344,8.55469,0.11597,-0.19336,-0.01172
2017-08-07 10:50:00,226.40625,8.61328,0.10132,0,-0.00586
2017-08-07 11:00:00,223.94531,8.96484,0.09888,0.05273,-0.00293
2017-08-07 11:10:00,223.94531,8.49609,0.12573,-0.05273,0
2017-08-07 11:20:00,219.72656,8.61328,0.12451,0,-0.00586
2017-08-07 11:30:00,216.5625,8.73047,0.12695,0.12305,0.01172
2017-08-07 11:40:00,221.83594,8.73047,0.11108,0.03516,0.01465
2017-08-07 11:50:00,220.78125,8.4375,0.12817,0.10547,0.00293
2017-08-07 12:00:00,219.72656,8.4375,0.11597,-0.05273,-0.01172
2017-08-07 12:10:00,225,8.49609,0.13306,-0.05273,0.01465
2017-08-07 12:20:00,222.1875,8.32031,0.11108,0.1582,0.00586
2017-08-07 12:30:00,226.05469,8.49609,0.12451,-0.03516,0.00293
2017-08-07 12:40:00,223.24219,8.49609,0.09888,-0.05273,0.01465
2017-08-07 12:50:00,221.13281,7.67578,0.15747,0.07031,0.02051
2017-08-07 13:00:00,223.24219,7.55859,0.15381,0,-0.02051
2017-08-07 13:10:00,223.59375,8.20313,0.12817,-0.21094,0.00879
2017-08-07 13:20:00,226.40625,7.32422,0.17456,-0.19336,-0.01758
2017-08-07 13:30:00,225,7.38281,0.13916,0.12305,0.00293
2017-08-07 13:40:00,226.05469,7.32422,0.13062,-0.07031,0.01172
2017-08-07 13:50:00,224.64844,7.44141,0.11353,0.08789,0.0293
2017-08-07 14:00:00,230.97656,6.91406,0.13184,-0.19336,0.00293
2017-08-07 14:10:00,229.21875,6.73828,0.13916,0.07031,-0.00293
2017-08-07 14:20:00,230.625,6.73828,0.08545,0.08789,-0.01758
2017-08-07 14:30:00,232.73438,6.79688,0.09399,-0.07031,-0.00879
2017-08-07 14:40:00,236.25,6.5625,0.09888,-0.03516,-0.00879
2017-08-07 14:50:00,240.11719,6.73828,0.11841,-0.45703,0.00879
2017-08-07 15:00:00,241.17188,6.44531,0.11108,0.01758,-0.00586
2017-08-07 15:10:00,240.11719,6.62109,0.08911,-0.05273,0.00879
2017-08-07 15:20:00,244.33594,6.67969,0.11841,-0.10547,0
2017-08-07 15:30:00,238.71094,6.03516,0.13428,0.1582,-0.00879
2017-08-07 15:40:00,235.19531,5.68359,0.09766,-0.05273,-0.00879
2017-08-07 15:50:00,231.32813,5.56641,0.1416,0.05273,0.00293
2017-08-07 16:00:00,234.49219,5.15625,0.12207,-0.07031,0.00586
2017-08-07 16:10:00,232.38281,4.92188,0.11841,-0.10547,-0.00293
2017-08-07 16:20:00,230.27344,4.92188,0.12451,0.05273,0
2017-08-07 16:30:00,232.73438,4.16016,0.17456,-0.03516,0
2017-08-07 16:40:00,229.21875,4.27734,0.10498,0.1582,0.00293
2017-08-07 16:50:00,228.16406,3.92578,0.12817,-0.05273,0.00293
2017-08-07 17:00:00,231.32813,3.51563,0.14648,0.05273,-0.00586
2017-08-07 17:10:00,222.53906,3.57422,0.14526,0.1582,-0.00293
2017-08-07 17:20:00,221.13281,3.51563,0.12329,0.26367,0.00586
2017-08-07 17:30:00,226.40625,2.98828,0.16357,0.07031,-0.00293
2017-08-07 17:40:00,233.08594,2.92969,0.17578,0.17578,0
2017-08-07 17:50:00,240.11719,2.57813,0.21118,-0.17578,0.00293
2017-08-07 18:00:00,232.38281,2.28516,0.18555,0.22852,-0.00293
2017-08-07 18:10:00,236.95313,2.28516,0.19287,0.19336,0.00586
2017-08-07 18:20:00,246.79688,1.875,0.26367,0.07031,-0.00586
2017-08-07 18:30:00,237.30469,1.93359,0.27832,-0.17578,0.00586
2017-08-07 18:40:00,232.03125,1.69922,0.25269,0.12305,-0.01465
2017-08-07 18:50:00,222.53906,1.875,0.31494,0.01758,0
2017-08-07 19:00:00,210.23438,1.75781,0.24292,-0.05273,-0.00293
2017-08-07 19:10:00,221.13281,1.75781,0.20386,0.01758,0.00586
2017-08-07 19:20:00,191.25,1.52344,0.26611,0.22852,0.00586
2017-08-07 19:30:00,210.23438,1.23047,0.31372,-0.14062,0
2017-08-07 19:40:00,176.83594,1.11328,0.24658,0,-0.00293
2017-08-07 19:50:00,171.21094,1.17188,0.19409,-0.17578,0
2017-08-07 20:00:00,135,1.11328,0.28931,-0.43945,0
2017-08-07 20:10:00,118.82813,1.34766,0.271,0.61523,-0.00293
2017-08-07 20:20:00,131.13281,1.17188,0.25757,0.14062,-0.00586
2017-08-07 20:30:00,111.44531,1.64063,0.2002,0,0
2017-08-07 20:40:00,105.46875,1.99219,0.2124,0.01758,0
2017-08-07 20:50:00,107.92969,2.28516,0.2124,-0.12305,-0.00586
2017-08-07 21:00:00,101.60156,2.75391,0.10376,0.08789,0
2017-08-07 21:10:00,107.57813,3.16406,0.15747,-0.03516,0.00293
2017-08-07 21:20:00,109.6875,3.57422,0.10132,0.10547,0.00293
2017-08-07 21:30:00,114.25781,3.80859,0.09399,-0.03516,0
2017-08-07 21:40:00,113.90625,3.98438,0.10986,-0.07031,0
2017-08-07 21:50:00,113.90625,4.27734,0.08545,0.03516,0.00586
2017-08-07 22:00:00,116.36719,4.45313,0.09277,-0.01758,-0.00293
2017-08-07 22:10:00,114.60938,4.92188,0.07812,0.05273,0
2017-08-07 22:20:00,117.77344,4.86328,0.09888,-0.08789,-0.00879
2017-08-07 22:30:00,118.47656,5.15625,0.09277,-0.07031,-0.00293
2017-08-07 22:40:00,116.01563,5.68359,0.10986,-0.12305,0.00586
2017-08-07 22:50:00,115.66406,5.68359,0.07324,0,-0.00293
2017-08-07 23:00:00,119.88281,5.91797,0.08423,-0.05273,0
2017-08-07 23:10:00,120.9375,5.85938,0.11597,0.01758,0
2017-08-07 23:20:00,121.64063,5.68359,0.12085,-0.03516,0
2017-08-07 23:30:00,124.10156,6.09375,0.12207,-0.01758,-0.00293
2017-08-07 23:40:00,131.83594,5.91797,0.12451,0.12305,-0.00293
2017-08-07 23:50:00,137.46094,4.98047,0.1709,-0.33398,-0.01172
2017-08-08 00:00:00,125.85938,5.625,0.13794,-0.12305,0.00293
2017-08-08 00:10:00,128.32031,5.50781,0.16235,-0.10547,0.00293
2017-08-08 00:20:00,127.26563,5.68359,0.16235,-0.12305,0.00879
2017-08-08 00:30:00,125.15625,6.03516,0.13672,0.10547,0.00586
2017-08-08 00:40:00,120.58594,5.97656,0.15991,-0.05273,0.00586
2017-08-08 00:50:00,115.3125,6.85547,0.12085,0.01758,0.00879
2017-08-08 01:00:00,117.07031,6.73828,0.15747,0.17578,-0.02637
2017-08-08 01:10:00,113.90625,7.14844,0.14038,-0.01758,0.00293
2017-08-08 01:20:00,114.25781,7.32422,0.10986,-0.24609,0.00293
2017-08-08 01:30:00,107.22656,8.02734,0.12451,0.07031,0.01172
2017-08-08 01:40:00,103.00781,7.67578,0.20264,0.14062,-0.00879
2017-08-08 01:50:00,107.92969,7.96875,0.15503,0.05274,-0.00879
2017-08-08 02:00:00,104.76563,8.14453,0.15503,0.10547,-0.01758
2017-08-08 02:10:00,103.71094,8.08594,0.11719,0.07031,0.00879
2017-08-08 02:20:00,108.98438,8.26172,0.10986,0.08789,0.00879
2017-08-08 02:30:00,111.79688,8.26172,0.14526,0.08789,-0.00586
2017-08-08 02:40:00,106.875,7.5,0.17334,0.10547,-0.03223
2017-08-08 02:50:00,110.03906,8.37891,0.12573,-0.10547,0
2017-08-08 03:00:00,106.52344,7.67578,0.12573,0.01758,-0.00586
2017-08-08 03:10:00,98.08594,7.67578,0.16113,0.29883,0.01758
2017-08-08 03:20:00,99.84375,7.08984,0.18066,-0.1582,0.00879
2017-08-08 03:30:00,101.60156,7.5,0.13916,-0.17578,0.01758
2017-08-08 03:40:00,100.89844,7.20703,0.10498,-0.03516,0.00293
2017-08-08 03:50:00,102.65625,7.14844,0.13062,-0.05274,0.01172
2017-08-08 04:00:00,92.8125,7.26563,0.13306,0.19336,0.01172
2017-08-08 04:10:00,95.27344,7.73438,0.13794,-0.01758,0.02344
2017-08-08 04:20:00,90.35156,7.44141,0.11841,0.01758,0.00586
2017-08-08 04:30:00,85.78125,7.55859,0.11841,0.07031,0.00293
2017-08-08 04:40:00,82.61719,7.85156,0.13306,0.17578,0.02051
2017-08-08 04:50:00,85.78125,7.85156,0.13184,-0.03516,0.01465
2017-08-08 05:00:00,84.02344,7.67578,0.15259,-0.01758,0.01172
2017-08-08 05:10:00,80.50781,7.61719,0.12817,0.05274,-0.00586
2017-08-08 05:20:00,78.04688,7.61719,0.11719,0.12305,0.00879
2017-08-08 05:30:00,80.50781,7.38281,0.13184,-0.14062,0.00293
2017-08-08 05:40:00,76.99219,7.14844,0.1062,0.08789,-0.01172
2017-08-08 05:50:00,79.45313,6.67969,0.15137,-0.05273,0.00293
2017-08-08 06:00:00,74.53125,6.5625,0.09277,-0.01758,0.00879
2017-08-08 06:10:00,72.77344,6.5625,0.15625,0.08789,-0.02344
2017-08-08 06:20:00,67.14844,6.44531,0.15137,-0.07031,0.00879
2017-08-08 06:30:00,61.875,6.91406,0.11231,-0.03516,0.01465
2017-08-08 06:40:00,65.39063,6.62109,0.11353,-0.01758,-0.00293
2017-08-08 06:50:00,60.82031,6.26953,0.15869,0.05274,0
2017-08-08 07:00:00,58.71094,6.32813,0.15381,-0.1582,0
2017-08-08 07:10:00,58.35938,6.26953,0.13184,-0.21094,0.00293
2017-08-08 07:20:00,54.84375,6.09375,0.09766,0.05274,0.00879
2017-08-08 07:30:00,54.84375,5.97656,0.11475,0.01758,-0.01172
2017-08-08 07:40:00,50.97656,6.32813,0.14404,0.03516,-0.01758
2017-08-08 07:50:00,52.73438,6.67969,0.15137,0.01758,0.00879
2017-08-08 08:00:00,51.32813,7.14844,0.15747,0.08789,-0.01465
2017-08-08 08:10:00,44.64844,7.55859,0.14526,0.10547,-0.00586
2017-08-08 08:20:00,45.35156,7.5,0.11597,0.1582,-0.00586
2017-08-08 08:30:00,44.29688,7.38281,0.12451,-0.12305,0.00293
2017-08-08 08:40:00,40.07813,7.08984,0.13916,0.03516,0.01758
2017-08-08 08:50:00,38.67188,6.85547,0.14771,-0.12305,-0.02051
2017-08-08 09:00:00,32.69531,7.20703,0.16113,0,0.00293
2017-08-08 09:10:00,31.28906,7.08984,0.09155,-0.12305,0.00879
2017-08-08 09:20:00,26.36719,7.03125,0.11719,-0.08789,-0.01172
2017-08-08 09:30:00,29.17969,6.97266,0.14648,0.05273,-0.00293
2017-08-08 09:40:00,29.88281,7.85156,0.10254,0.26367,-0.01172
2017-08-08 09:50:00,30.23438,8.90625,0.10742,0.14062,0
2017-08-08 10:00:00,27.77344,9.49219,0.08301,0.03516,0.00586
2017-08-08 10:10:00,29.17969,9.78516,0.12329,0.19336,-0.00293
2017-08-08 10:20:00,29.88281,9.43359,0.12207,0.22852,0.00293
2017-08-08 10:30:00,37.26563,8.37891,0.11597,-0.08789,0.00586
2017-08-08 10:40:00,52.38281,6.62109,0.13916,-0.08789,-0.00586
2017-08-08 10:50:00,65.74219,4.86328,0.2771,-0.01758,0.00586
2017-08-08 11:00:00,108.63281,2.8125,0.37476,-0.17578,-0.00586
2017-08-08 11:10:00,104.76563,1.64063,0.43091,0.1582,-0.00586
2017-08-08 11:20:00,334.6875,2.57813,0.48828,-0.70312,0
2017-08-08 11:30:00,306.5625,2.8125,0.2063,0.08789,0.00293
2017-08-08 11:40:00,329.41406,4.62891,0.16357,-0.10547,-0.00879
2017-08-08 11:50:00,336.09375,6.09375,0.08301,0.05273,0
2017-08-08 12:00:00,342.42188,6.85547,0.1001,-0.03516,0
2017-08-08 12:10:00,344.53125,6.97266,0.08179,-0.14062,-0.00293
2017-08-08 12:20:00,345.23438,7.08984,0.15381,-0.07031,-0.00586
2017-08-08 12:30:00,343.125,8.02734,0.22339,0,-0.01758
2017-08-08 12:40:00,339.96094,6.79688,0.12329,-0.03516,-0.00293
2017-08-08 12:50:00,350.50781,8.4375,0.10986,-0.14062,0
2017-08-08 13:00:00,351.91406,7.38281,0.14282,-0.14062,-0.00586
2017-08-08 13:10:00,348.75,8.02734,0.15015,0.01758,-0.01758
2017-08-08 13:20:00,354.72656,7.67578,0.14404,-0.14062,0
2017-08-08 13:30:00,354.375,7.20703,0.14648,0.07031,0.01465
2017-08-08 13:40:00,349.80469,5.85938,0.21728,0.03516,0
2017-08-08 13:50:00,343.125,5.09766,0.17822,-0.05273,0
2017-08-08 14:00:00,347.69531,4.62891,0.14771,0,-0.00293
2017-08-08 14:10:00,348.75,5.39063,0.15869,0.05273,-0.00293
2017-08-08 14:20:00,342.07031,5.97656,0.13794,-0.03516,0.01172
2017-08-08 14:30:00,334.6875,5.97656,0.12451,-0.03516,0
2017-08-08 14:40:00,335.39063,6.03516,0.09888,0.07031,0.01172
2017-08-08 14:50:00,319.57031,5.39063,0.1355,-0.1582,0.00879
2017-08-08 15:00:00,284.76563,5.80078,0.18433,-0.21094,0.01758
2017-08-08 15:10:00,287.57813,5.15625,0.19898,-0.19336,-0.00879
2017-08-08 15:20:00,280.89844,5.80078,0.1416,-0.24609,-0.0293
2017-08-08 15:30:00,293.55469,6.91406,0.20386,-0.19336,-0.00586
2017-08-08 15:40:00,291.09375,6.97266,0.26489,-0.17578,0.00293
2017-08-08 15:50:00,288.98438,8.73047,0.17944,0.01758,-0.00293
2017-08-08 16:00:00,308.32031,6.85547,0.19409,-0.10547,-0.01172
2017-08-08 16:10:00,314.29688,6.91406,0.14771,0.01758,0.00879
2017-08-08 16:20:00,322.38281,7.20703,0.16113,-0.12305,0.00293
2017-08-08 16:30:00,318.16406,8.37891,0.0769,-0.26367,-0.00879
2017-08-08 16:40:00,330.82031,8.49609,0.15137,-0.14062,-0.00879
2017-08-08 16:50:00,328.71094,8.32031,0.1355,-0.07031,0.01172
2017-08-08 17:00:00,328.35938,9.31641,0.11231,-0.24609,-0.00293
2017-08-08 17:10:00,331.875,9.96094,0.13062,0.03516,0.00879
2017-08-08 17:20:00,333.98438,9.08203,0.10742,-0.17578,0.00293
2017-08-08 17:30:00,325.54688,8.49609,0.14282,-0.21094,0
2017-08-08 17:40:00,305.15625,8.49609,0.13428,0.10547,-0.00293
2017-08-08 17:50:00,300.9375,9.84375,0.11475,-0.24609,0.00879
2017-08-08 18:00:00,296.71875,9.55078,0.14893,-0.12305,0.00293
2017-08-08 18:10:00,286.17188,9.96094,0.21973,-0.08789,0.01465
2017-08-08 18:20:00,292.85156,9.25781,0.12329,-0.05273,-0.00293
2017-08-08 18:30:00,287.92969,10.07813,0.1294,-0.08789,0.00293
2017-08-08 18:40:00,291.79688,10.60547,0.09644,0.05273,0.00879
2017-08-08 18:50:00,294.60938,9.90234,0.10864,-0.03516,-0.01172
2017-08-08 19:00:00,290.39063,10.60547,0.13184,-0.10547,0.00879
2017-08-08 19:10:00,290.39063,10.95703,0.1294,0.03516,0.00293
2017-08-08 19:20:00,290.39063,10.78125,0.12451,-0.03516,0.00586
2017-08-08 19:30:00,287.92969,10.89844,0.14038,0.07031,0
2017-08-08 19:40:00,295.3125,10.95703,0.10254,0.17578,-0.00293
2017-08-08 19:50:00,292.14844,11.13281,0.11475,-0.29883,-0.00293
2017-08-08 20:00:00,288.63281,11.07422,0.12329,0.19336,-0.00586
2017-08-08 20:10:00,289.6875,10.37109,0.17212,-0.05273,-0.02344
2017-08-08 20:20:00,281.60156,11.19141,0.15381,-0.08789,0.01172
2017-08-08 20:30:00,280.19531,11.01563,0.1294,0.19336,0
2017-08-08 20:40:00,284.76563,10.78125,0.11475,-0.10547,-0.01465
2017-08-08 20:50:00,280.19531,10.07813,0.15381,0.14062,-0.00879
2017-08-08 21:00:00,280.54688,9.49219,0.14893,-0.05273,0
2017-08-08 21:10:00,278.78906,9.31641,0.11841,-0.05273,-0.02344
2017-08-08 21:20:00,275.97656,9.84375,0.10742,-0.07031,0.00879
2017-08-08 21:30:00,275.625,9.14063,0.12085,-0.08789,-0.00879
2017-08-08 21:40:00,273.16406,9.08203,0.13428,-0.17578,-0.01172
2017-08-08 21:50:00,265.78125,9.14063,0.1062,0.14062,0
2017-08-08 22:00:00,270,8.78906,0.12573,-0.03516,0.01758
2017-08-08 22:10:00,260.85938,9.08203,0.13184,-0.24609,0.01172
2017-08-08 22:20:00,255.23438,9.19922,0.12207,0.10547,0.01172
2017-08-08 22:30:00,260.85938,9.19922,0.14893,0.07031,-0.01758
2017-08-08 22:40:00,259.80469,9.19922,0.10742,0.01758,0
2017-08-08 22:50:00,258.39844,8.61328,0.10498,0.07031,0
2017-08-08 23:00:00,253.82813,7.96875,0.10986,-0.01758,0.00586
2017-08-08 23:10:00,254.53125,7.61719,0.12207,0.17578,0.00586
2017-08-08 23:20:00,254.53125,8.02734,0.11353,0.01758,-0.00879
2017-08-08 23:30:00,249.60938,8.20313,0.13184,0.05273,0
2017-08-08 23:40:00,249.60938,7.96875,0.13916,0.05273,0.01172
2017-08-08 23:50:00,254.88281,8.08594,0.1355,-0.07031,0.01465
2017-08-09 00:00:00,248.20313,7.96875,0.1001,0.14062,0.01465
2017-08-09 00:10:00,248.20313,7.91016,0.16602,0,0.02051
2017-08-09 00:20:00,250.66406,7.61719,0.08545,0.17578,0.00586
2017-08-09 00:30:00,251.36719,8.37891,0.14648,-0.03516,-0.00293
2017-08-09 00:40:00,251.36719,8.26172,0.09888,-0.01758,-0.00293
2017-08-09 00:50:00,251.71875,8.14453,0.13916,-0.24609,0.00293
2017-08-09 01:00:00,251.01563,8.67188,0.12085,0.36914,0.00586
2017-08-09 01:10:00,248.90625,8.49609,0.1355,-0.01758,0
2017-08-09 01:20:00,248.20313,8.20313,0.13062,-0.07031,0.00293
2017-08-09 01:30:00,239.41406,8.32031,0.15503,-0.07031,0.01465
2017-08-09 01:40:00,240.82031,8.26172,0.12207,0,0.00586
2017-08-09 01:50:00,240.11719,7.26563,0.15137,0.07031,-0.01465
2017-08-09 02:00:00,241.17188,7.26563,0.14038,-0.14062,0
2017-08-09 02:10:00,241.875,6.67969,0.13184,0.17578,-0.00293
2017-08-09 02:20:00,234.84375,6.85547,0.13428,0.28125,0
2017-08-09 02:30:00,233.78906,7.26563,0.15991,0.33398,0.00586
2017-08-09 02:40:00,245.39063,7.20703,0.16357,0.29883,0.01172
2017-08-09 02:50:00,255.58594,7.26563,0.13062,0.07031,0.01172
2017-08-09 03:00:00,259.45313,7.03125,0.09033,0.01758,-0.01172
2017-08-09 03:10:00,252.07031,6.38672,0.15503,-0.28125,-0.00293
2017-08-09 03:20:00,245.74219,6.50391,0.12695,0.01758,0.00293
2017-08-09 03:30:00,242.92969,6.62109,0.11719,-0.05273,-0.00586
2017-08-09 03:40:00,240.11719,7.61719,0.13672,-0.08789,0.02344
2017-08-09 03:50:00,240.11719,6.97266,0.11231,-0.03516,0
2017-08-09 04:00:00,246.09375,6.97266,0.10498,0,0.00293
2017-08-09 04:10:00,243.28125,7.55859,0.09521,-0.01758,0
2017-08-09 04:20:00,244.33594,7.38281,0.13794,0.07031,0.01172
2017-08-09 04:30:00,244.33594,7.26563,0.13428,0.29883,0.00586
2017-08-09 04:40:00,232.73438,7.91016,0.09155,-0.07031,-0.02051
2017-08-09 04:50:00,237.30469,8.49609,0.1416,-0.12305,-0.01465
2017-08-09 05:00:00,239.41406,10.66406,0.13916,-0.1582,-0.00293
2017-08-09 05:10:00,235.89844,11.48438,0.15015,0.1582,0
2017-08-09 05:20:00,234.14063,11.66016,0.13306,0.22852,-0.00586
2017-08-09 05:30:00,240.46875,10.37109,0.15625,0.03516,-0.00293
2017-08-09 05:40:00,239.41406,10.83984,0.11231,0.07031,0
2017-08-09 05:50:00,241.875,11.83594,0.11719,-0.14062,0.01465
2017-08-09 06:00:00,242.92969,11.71875,0.1416,0,0.00293
2017-08-09 06:10:00,237.65625,12.01172,0.10986,0.07031,0.01172
2017-08-09 06:20:00,237.65625,11.66016,0.12207,0.12305,0.00586
2017-08-09 06:30:00,236.25,11.30859,0.12573,0.08789,0.02637
2017-08-09 06:40:00,239.0625,11.42578,0.14526,-0.07031,0.01758
2017-08-09 06:50:00,230.625,11.54297,0.10132,0.17578,0.00586
2017-08-09 07:00:00,232.38281,11.95313,0.12817,0.10547,-0.02637
2017-08-09 07:10:00,228.16406,11.48438,0.15625,0.12305,0
2017-08-09 07:20:00,230.97656,11.60156,0.13428,0.03516,-0.00293
2017-08-09 07:30:00,233.78906,11.30859,0.14282,0.05273,0
2017-08-09 07:40:00,231.32813,10.54688,0.14648,-0.08789,0.01465
2017-08-09 07:50:00,230.625,10.37109,0.11475,-0.1582,0.02344
2017-08-09 08:00:00,236.25,10.3125,0.11963,-0.22852,0.00293
2017-08-09 08:10:00,235.19531,10.19531,0.09766,-0.07031,0.01758
2017-08-09 08:20:00,238.71094,10.07813,0.1294,-0.22852,-0.01465
2017-08-09 08:30:00,237.30469,10.25391,0.12085,0.05273,-0.00586
2017-08-09 08:40:00,235.89844,9.55078,0.15137,0.05273,0.01465
2017-08-09 08:50:00,235.89844,9.84375,0.13306,0.03516,-0.00293
2017-08-09 09:00:00,235.89844,10.07813,0.12573,0.07031,0.00879
2017-08-09 09:10:00,240.46875,9.25781,0.11719,0,0.00293
2017-08-09 09:20:00,236.25,9.84375,0.13306,0.03516,0.01758
2017-08-09 09:30:00,233.08594,9.43359,0.1416,-0.05273,-0.01172
2017-08-09 09:40:00,230.27344,9.72656,0.11841,0.1582,-0.00879
2017-08-09 09:50:00,231.67969,10.3125,0.12573,0.03516,-0.00293
2017-08-09 10:00:00,233.08594,10.37109,0.11108,0.03516,0.02344
2017-08-09 10:10:00,233.08594,9.96094,0.10132,-0.10547,0.00293
2017-08-09 10:20:00,232.73438,9.90234,0.13184,0.01758,-0.01172
2017-08-09 10:30:00,231.67969,10.01953,0.10254,-0.1582,0.00293
2017-08-09 10:40:00,225.70313,9.90234,0.13672,0.29883,0.01172
2017-08-09 10:50:00,227.10938,9.96094,0.08789,0.03516,-0.00879
2017-08-09 11:00:00,228.86719,9.96094,0.11841,0.10547,-0.00293
2017-08-09 11:10:00,229.21875,9.49219,0.12329,0.17578,-0.01465
2017-08-09 11:20:00,229.21875,10.07813,0.12451,-0.05273,0.00879
2017-08-09 11:30:00,226.75781,9.66797,0.10986,0.03516,0.00293
2017-08-09 11:40:00,225,9.31641,0.11231,0.12305,0.01758
2017-08-09 11:50:00,222.89063,9.43359,0.11963,0.03516,0.01465
2017-08-09 12:00:00,219.72656,9.55078,0.10132,0.08789,0.03809
2017-08-09 12:10:00,225.70313,9.08203,0.13306,0.05273,0
2017-08-09 12:20:00,228.16406,8.61328,0.12207,-0.24609,-0.00586
2017-08-09 12:30:00,217.61719,8.78906,0.11597,0.10547,-0.00293
2017-08-09 12:40:00,216.5625,9.14063,0.11597,0.12305,0.00293
2017-08-09 12:50:00,216.5625,9.55078,0.10498,-0.01758,0.00586
2017-08-09 13:00:00,213.04688,9.14063,0.11597,0.4043,-0.00293
2017-08-09 13:10:00,220.42969,8.4375,0.19898,0.01758,-0.00879
2017-08-09 13:20:00,219.375,8.49609,0.08545,-0.05273,0.00586
2017-08-09 13:30:00,223.59375,8.20313,0.13428,0.03516,-0.00293
2017-08-09 13:40:00,220.07813,9.08203,0.10742,-0.03516,0.00293
2017-08-09 13:50:00,220.78125,8.73047,0.11231,-0.10547,-0.00586
2017-08-09 14:00:00,221.83594,8.20313,0.1355,-0.01758,-0.00293
2017-08-09 14:10:00,224.64844,8.32031,0.11963,-0.1582,0.01172
2017-08-09 14:20:00,222.89063,8.20313,0.10742,0.03516,0.01172
2017-08-09 14:30:00,222.89063,8.20313,0.16602,-0.07031,-0.00293
2017-08-09 14:40:00,234.84375,8.02734,0.17456,-0.28125,-0.00879
2017-08-09 14:50:00,229.57031,8.02734,0.14771,-0.12305,0.00293
2017-08-09 15:00:00,228.51563,8.14453,0.15625,0.05273,-0.00293
2017-08-09 15:10:00,234.14063,8.4375,0.11597,-0.17578,0
2017-08-09 15:20:00,233.08594,7.73438,0.12207,-0.03516,0
2017-08-09 15:30:00,232.73438,7.55859,0.15625,-0.08789,0
2017-08-09 15:40:00,230.97656,7.67578,0.11841,-0.17578,0.00293
2017-08-09 15:50:00,231.67969,7.14844,0.12451,0.10547,0.00586
2017-08-09 16:00:00,240.11719,6.5625,0.13672,0.05273,-0.00586
2017-08-09 16:10:00,239.41406,6.38672,0.11353,-0.12305,0.00293
2017-08-09 16:20:00,233.08594,6.15234,0.1355,0.08789,0.00879
2017-08-09 16:30:00,236.95313,5.97656,0.12451,0.07031,0.00879
2017-08-09 16:40:00,239.41406,5.50781,0.13794,0.01758,-0.01758
2017-08-09 16:50:00,245.03906,5.39063,0.1355,-0.08789,0
2017-08-09 17:00:00,251.01563,5.21484,0.11597,-0.01758,-0.00293
2017-08-09 17:10:00,256.64063,5.09766,0.12817,0.05273,-0.00293
2017-08-09 17:20:00,254.17969,5.09766,0.15869,-0.03516,0.00293
2017-08-09 17:30:00,252.77344,4.62891,0.12329,-0.01758,0.01172
2017-08-09 17:40:00,254.17969,3.98438,0.15991,0.12305,0.00293
2017-08-09 17:50:00,258.39844,4.45313,0.20874,-0.1582,0.00586
2017-08-09 18:00:00,262.26563,4.10156,0.12085,-0.10547,0.00586
2017-08-09 18:10:00,268.59375,3.51563,0.18677,0.07031,0.00879
2017-08-09 18:20:00,272.10938,3.45703,0.15381,0.12305,0.00586
2017-08-09 18:30:00,264.375,3.16406,0.14893,0.33398,0.00879
2017-08-09 18:40:00,278.78906,3.22266,0.12451,-0.1582,0.00293
2017-08-09 18:50:00,281.95313,2.63672,0.17578,0.17578,-0.00293
2017-08-09 19:00:00,283.71094,3.04688,0.16479,0.10547,0.00293
2017-08-09 19:10:00,294.25781,3.04688,0.15381,-0.12305,0.00293
2017-08-09 19:20:00,292.85156,2.92969,0.19165,0.08789,0.00586
2017-08-09 19:30:00,306.21094,3.28125,0.15137,-0.31641,-0.01172
2017-08-09 19:40:00,307.26563,4.10156,0.14282,0,0.00879
2017-08-09 19:50:00,310.42969,4.21875,0.1355,-0.05273,-0.00293
2017-08-09 20:00:00,313.59375,4.21875,0.11597,0.07031,-0.00293
2017-08-09 20:10:00,320.27344,3.75,0.13428,-0.12305,0.00879
2017-08-09 20:20:00,323.4375,3.57422,0.18188,0.12305,0.00293
2017-08-09 20:30:00,328.35938,4.04297,0.1294,0.14062,-0.00879
2017-08-09 20:40:00,332.57813,4.16016,0.15137,-0.05273,0.00293
2017-08-09 20:50:00,344.88281,3.98438,0.12573,0.10547,0
2017-08-09 21:00:00,344.53125,3.92578,0.13672,0,0
2017-08-09 21:10:00,342.07031,3.86719,0.12695,0.05273,0
2017-08-09 21:20:00,358.59375,3.98438,0.12085,-0.14062,0.00293
2017-08-09 21:30:00,355.42969,3.80859,0.11475,-0.08789,0
2017-08-09 21:40:00,5.625,3.33984,0.20264,-0.22852,0.00586
2017-08-09 21:50:00,24.25781,3.10547,0.11475,0.1582,0
2017-08-09 22:00:00,35.85938,2.8125,0.14526,-0.66797,0
2017-08-09 22:10:00,31.64063,2.51953,0.13062,0.17578,0.00293
2017-08-09 22:20:00,23.90625,2.69531,0.15625,0.03516,0
2017-08-09 22:30:00,26.01563,3.22266,0.15381,0.07031,-0.00293
2017-08-09 22:40:00,15.82031,3.33984,0.15869,0.22852,0
2017-08-09 22:50:00,19.6875,3.63281,0.2002,0.50976,0.00586
2017-08-09 23:00:00,24.25781,3.69141,0.19165,0.01758,0.00293
2017-08-09 23:10:00,33.04688,3.04688,0.15259,0.03516,0.00293
2017-08-09 23:20:00,41.13281,2.92969,0.08789,-0.05273,0
2017-08-09 23:30:00,22.5,2.98828,0.09888,0.01758,0
2017-08-09 23:40:00,22.85156,3.10547,0.17822,0.10547,0.00879
2017-08-09 23:50:00,25.3125,3.33984,0.12451,0.01758,0.00586
2017-08-10 00:00:00,20.74219,4.16016,0.15015,0.28125,-0.00293
2017-08-10 00:10:00,19.33594,5.03906,0.1294,-0.10547,0
2017-08-10 00:20:00,17.92969,4.86328,0.14893,-0.01758,0.00293
2017-08-10 00:30:00,20.39063,3.86719,0.12695,0.19336,0
2017-08-10 00:40:00,27.77344,3.51563,0.11963,-0.14062,-0.00293
2017-08-10 00:50:00,28.47656,3.69141,0.1416,-0.28125,-0.00293
2017-08-10 01:00:00,28.125,3.92578,0.13672,-0.01758,0.00879
2017-08-10 01:10:00,18.28125,4.57031,0.11841,0.10547,0.00293
2017-08-10 01:20:00,17.22656,5.09766,0.09766,-0.01758,0.00293
2017-08-10 01:30:00,21.09375,5.625,0.09277,-0.10547,-0.00879
2017-08-10 01:40:00,20.03906,6.15234,0.12207,-0.1582,0.01465
2017-08-10 01:50:00,22.5,6.79688,0.08545,-0.08789,0
2017-08-10 02:00:00,22.14844,6.85547,0.11719,0.03516,0
2017-08-10 02:10:00,26.01563,6.38672,0.08179,-0.08789,0
2017-08-10 02:20:00,20.03906,6.26953,0.10498,0.03516,0.00586
2017-08-10 02:30:00,25.3125,6.09375,0.12573,0.19336,0.00586
2017-08-10 02:40:00,22.5,6.09375,0.11597,-0.12305,0.00586
2017-08-10 02:50:00,26.36719,5.91797,0.13428,-0.10547,-0.00293
2017-08-10 03:00:00,24.25781,5.56641,0.13062,0.01758,0
2017-08-10 03:10:00,23.55469,6.09375,0.16602,0.05273,0.01465
2017-08-10 03:20:00,28.47656,6.09375,0.15381,0.05274,-0.00586
2017-08-10 03:30:00,20.39063,7.85156,0.13062,0.28125,0.00293
2017-08-10 03:40:00,22.85156,9.08203,0.11353,-0.31641,0.00586
2017-08-10 03:50:00,17.57813,9.25781,0.08911,0.12305,0.00586
2017-08-10 04:00:00,23.55469,9.14063,0.09888,-0.22852,-0.01758
2017-08-10 04:10:00,20.74219,9.375,0.11841,0,0.00293
2017-08-10 04:20:00,20.03906,8.96484,0.09644,0.08789,0.00293
2017-08-10 04:30:00,21.44531,8.96484,0.09766,-0.03516,0.00586
2017-08-10 04:40:00,21.09375,8.78906,0.10132,0.17578,0.00293
2017-08-10 04:50:00,16.52344,9.43359,0.09399,0.14062,0.01465
2017-08-10 05:00:00,22.14844,9.43359,0.10986,0,0
2017-08-10 05:10:00,26.36719,8.55469,0.09155,-0.14062,0.01465
2017-08-10 05:20:00,52.38281,6.44531,0.13306,-0.10547,0.01172
2017-08-10 05:30:00,52.73438,5.625,0.16113,0.12305,0.00879
2017-08-10 05:40:00,45.70313,5.39063,0.18555,0,0.01465
2017-08-10 05:50:00,38.67188,7.55859,0.1001,0.21094,0.00879
2017-08-10 06:00:00,42.53906,8.37891,0.11841,0.14062,0.00586
2017-08-10 06:10:00,50.97656,8.61328,0.11719,0.01758,0
2017-08-10 06:20:00,59.76563,8.26172,0.10742,0.10547,0.01172
2017-08-10 06:30:00,60.46875,8.55469,0.11108,0.07031,-0.00586
2017-08-10 06:40:00,53.08594,9.19922,0.09155,0.1582,0.01172
2017-08-10 06:50:00,51.67969,9.72656,0.12451,0.01758,-0.01172
2017-08-10 07:00:00,55.89844,8.90625,0.08667,-0.05274,0.00879
2017-08-10 07:10:00,55.54688,8.20313,0.13672,0.01758,-0.01465
2017-08-10 07:20:00,48.16406,7.20703,0.14771,0.03516,0.02344
2017-08-10 07:30:00,39.02344,9.66797,0.1062,-0.08789,-0.00293
2017-08-10 07:40:00,46.75781,8.90625,0.21484,-0.17578,0.01465
2017-08-10 07:50:00,38.32031,9.78516,0.18555,-0.08789,-0.01758
2017-08-10 08:00:00,39.375,10.07813,0.2417,-0.21094,-0.00586
2017-08-10 08:10:00,42.1875,9.78516,0.25757,0,-0.00879
2017-08-10 08:20:00,45.35156,9.78516,0.2478,-0.07031,0.00879
2017-08-10 08:30:00,43.59375,8.20313,0.1709,0.1582,-0.00293
2017-08-10 08:40:00,36.91406,8.20313,0.13306,0.21094,-0.00293
2017-08-10 08:50:00,40.78125,8.02734,0.17944,0.10547,0.02051
2017-08-10 09:00:00,28.82813,8.84766,0.13916,0.05273,0.0293
2017-08-10 09:10:00,30.58594,9.375,0.12451,-0.14062,0.00586
2017-08-10 09:20:00,24.25781,9.08203,0.1062,0.24609,-0.00879
2017-08-10 09:30:00,23.20313,9.84375,0.14282,-0.07031,0.02637
2017-08-10 09:40:00,23.90625,9.72656,0.09155,0.01758,0.01172
2017-08-10 09:50:00,20.03906,9.08203,0.14526,0.10547,-0.00586
2017-08-10 10:00:00,25.66406,8.84766,0.14526,-0.07031,-0.00879
2017-08-10 10:10:00,24.25781,8.96484,0.12817,0.10547,-0.00293
2017-08-10 10:20:00,27.77344,8.61328,0.13184,0.01758,0.01465
2017-08-10 10:30:00,28.82813,8.32031,0.11475,-0.1582,-0.00293
2017-08-10 10:40:00,32.34375,8.20313,0.13306,-0.07031,-0.00586
2017-08-10 10:50:00,28.82813,8.20313,0.10498,-0.08789,-0.00293
2017-08-10 11:00:00,26.36719,7.85156,0.07446,0.1582,-0.00293
2017-08-10 11:10:00,34.10156,7.44141,0.13306,0.08789,0.00879
2017-08-10 11:20:00,33.39844,7.03125,0.16113,0.19336,-0.01465
2017-08-10 11:30:00,29.88281,7.08984,0.09644,0.01758,0.00879
2017-08-10 11:40:00,33.39844,6.5625,0.08911,-0.10547,-0.00293
2017-08-10 11:50:00,37.61719,6.38672,0.09766,-0.1582,-0.00293
2017-08-10 12:00:00,34.10156,6.44531,0.13062,0.05274,-0.01465
2017-08-10 12:10:00,28.47656,7.03125,0.11597,0.08789,0.00293
2017-08-10 12:20:00,30.23438,7.20703,0.12451,-0.05273,0.00879
2017-08-10 12:30:00,27.42188,6.73828,0.14038,0.07031,0.00586
2017-08-10 12:40:00,22.85156,6.67969,0.10498,-0.22851,-0.00293
2017-08-10 12:50:00,21.79688,7.32422,0.11841,-0.03516,0.01465
2017-08-10 13:00:00,27.07031,7.67578,0.11353,-0.08789,0.00293
2017-08-10 13:10:00,24.60938,7.91016,0.12207,-0.08789,-0.00879
2017-08-10 13:20:00,20.39063,8.55469,0.12451,0.03516,-0.00879
2017-08-10 13:30:00,23.20313,8.4375,0.14282,0.07031,0.01172
2017-08-10 13:40:00,29.88281,9.08203,0.12573,-0.01758,0.01172
2017-08-10 13:50:00,29.88281,8.67188,0.18555,0.17578,-0.02051
2017-08-10 14:00:00,28.82813,9.43359,0.11963,0.07031,-0.01172
2017-08-10 14:10:00,28.82813,8.90625,0.14771,-0.01758,0
2017-08-10 14:20:00,28.47656,9.43359,0.13428,-0.05273,-0.00293
2017-08-10 14:30:00,25.3125,9.78516,0.11719,-0.24609,0.0293
2017-08-10 14:40:00,24.60938,9.31641,0.13794,0.17578,0
2017-08-10 14:50:00,26.36719,9.60938,0.12817,-0.05274,-0.01172
2017-08-10 15:00:00,26.01563,9.66797,0.16235,-0.12305,-0.00586
2017-08-10 15:10:00,25.3125,9.55078,0.1355,0.29883,0.02344
2017-08-10 15:20:00,26.71875,9.375,0.1416,0.08789,0.00879
2017-08-10 15:30:00,24.25781,8.67188,0.13428,0.07031,-0.00586
2017-08-10 15:40:00,25.66406,9.375,0.15625,0.21094,0.01465
2017-08-10 15:50:00,27.07031,9.55078,0.1062,0.01758,0.0293
2017-08-10 16:00:00,26.71875,8.37891,0.15503,0.03516,-0.01465
2017-08-10 16:10:00,27.07031,8.20313,0.13184,0.01758,-0.00293
2017-08-10 16:20:00,18.98438,8.61328,0.08789,0.17578,0
2017-08-10 16:30:00,22.85156,8.78906,0.08301,0.21094,0.01172
2017-08-10 16:40:00,25.3125,8.37891,0.09766,0.05274,0.00586
2017-08-10 16:50:00,30.58594,8.55469,0.08911,-0.19336,0.00879
2017-08-10 17:00:00,26.71875,8.4375,0.0708,0.08789,0.01172
2017-08-10 17:10:00,21.79688,8.32031,0.10864,-0.05273,0.00879
2017-08-10 17:20:00,27.42188,8.32031,0.09521,-0.17578,0
2017-08-10 17:30:00,23.55469,8.61328,0.09521,0.07031,0.00586
2017-08-10 17:40:00,24.60938,8.08594,0.14404,-0.14062,0.01758
2017-08-10 17:50:00,28.47656,7.79297,0.11475,-0.21094,0.00879
2017-08-10 18:00:00,33.39844,7.32422,0.13428,-0.17578,-0.00293
2017-08-10 18:10:00,18.98438,7.73438,0.11475,0.08789,0.00586
2017-08-10 18:20:00,18.28125,7.5,0.11597,0.03516,0
2017-08-10 18:30:00,20.39063,7.79297,0.09766,-0.03516,0.00879
2017-08-10 18:40:00,27.42188,7.61719,0.12695,-0.08789,-0.00293
2017-08-10 18:50:00,32.34375,7.55859,0.11475,0.01758,0.01465
2017-08-10 19:00:00,34.10156,7.32422,0.14404,-0.10547,-0.01172
2017-08-10 19:10:00,34.45313,6.91406,0.12451,0.01758,-0.00586
2017-08-10 19:20:00,27.42188,6.97266,0.13428,-0.05273,-0.00879
2017-08-10 19:30:00,21.09375,7.32422,0.11963,0.08789,0.01172
2017-08-10 19:40:00,21.44531,6.91406,0.1355,0.07031,0.00293
2017-08-10 19:50:00,27.77344,6.91406,0.13184,0.01758,0
2017-08-10 20:00:00,34.80469,6.44531,0.14526,-0.17578,0.00586
2017-08-10 20:10:00,38.32031,6.03516,0.14893,-0.05273,0.00293
2017-08-10 20:20:00,30.58594,5.85938,0.15625,0.12305,0.00586
2017-08-10 20:30:00,28.47656,5.68359,0.12207,0.03516,0.01465
2017-08-10 20:40:00,29.53125,5.625,0.13306,-0.01758,-0.00293
2017-08-10 20:50:00,18.98438,6.09375,0.15015,-0.03516,0.01758
2017-08-10 21:00:00,29.88281,5.625,0.17334,0,0
2017-08-10 21:10:00,39.72656,5.33203,0.11597,-0.05273,-0.00293
2017-08-10 21:20:00,54.49219,4.98047,0.14771,-0.14062,0.01172
2017-08-10 21:30:00,44.29688,5.03906,0.12329,0.12305,0.01465
2017-08-10 21:40:00,49.92188,4.74609,0.12817,0.01758,0.00586
2017-08-10 21:50:00,30.23438,4.92188,0.15869,0.05273,0.00586
2017-08-10 22:00:00,23.20313,4.98047,0.12085,0.01758,-0.00879
2017-08-10 22:10:00,34.45313,4.57031,0.12451,-0.07031,-0.00586
2017-08-10 22:20:00,40.42969,4.51172,0.13428,0.07031,-0.00586
2017-08-10 22:30:00,43.24219,3.98438,0.1416,0.05274,0.00879
2017-08-10 22:40:00,56.25,4.51172,0.17456,-0.28125,0.00293
2017-08-10 22:50:00,58.71094,4.39453,0.13306,0.01758,0.00293
2017-08-10 23:00:00,69.60938,4.51172,0.13672,0.01758,0.00879
2017-08-10 23:10:00,63.98438,4.62891,0.11108,0.03516,0.01172
2017-08-10 23:20:00,61.17188,4.21875,0.15015,-0.10547,0
2017-08-10 23:30:00,40.42969,3.92578,0.13672,0.14062,0.00293
2017-08-10 23:40:00,34.45313,3.80859,0.20386,-0.01758,-0.00293
2017-08-10 23:50:00,44.64844,3.63281,0.16357,-0.22851,0.00293
2017-08-11 00:00:00,43.94531,3.86719,0.14771,0.19336,0.00293
2017-08-11 00:10:00,50.27344,3.80859,0.14282,-0.12305,-0.00293
2017-08-11 00:20:00,55.89844,3.69141,0.13672,0.01758,0
2017-08-11 00:30:00,58.00781,3.98438,0.14404,-0.07031,-0.00293
2017-08-11 00:40:00,59.41406,3.86719,0.14771,-0.03516,0.00586
2017-08-11 00:50:00,62.92969,3.86719,0.14771,0.19336,-0.00293
2017-08-11 01:00:00,54.84375,3.51563,0.11597,-0.10547,-0.00293
2017-08-11 01:10:00,60.46875,2.8125,0.15381,-0.08789,0.00293
2017-08-11 01:20:00,64.6875,2.46094,0.23438,0.1582,-0.01172
2017-08-11 01:30:00,59.41406,2.51953,0.23071,-0.01758,0.00586
2017-08-11 01:40:00,63.98438,2.10938,0.17944,0.14062,-0.00293
2017-08-11 01:50:00,94.57031,2.10938,0.24902,0.24609,0.00586
2017-08-11 02:00:00,107.92969,2.40234,0.26123,0.21094,0
2017-08-11 02:10:00,117.42188,1.875,0.23071,-0.22852,0.00586
2017-08-11 02:20:00,101.60156,1.46484,0.22217,-0.01758,-0.00293
2017-08-11 02:30:00,101.60156,1.58203,0.22095,-0.19336,0.00879
2017-08-11 02:40:00,100.19531,1.34766,0.30396,0.33398,0
2017-08-11 02:50:00,78.75,1.23047,0.27954,0.10547,0.00293
2017-08-11 03:00:00,30.23438,1.17188,0.22705,0.05273,-0.00293
2017-08-11 03:10:00,7.03125,1.28906,0.35034,0.22852,0.00586
2017-08-11 03:20:00,348.04688,1.81641,0.24292,0.28125,0.00586
2017-08-11 03:30:00,331.17188,1.34766,0.30273,1.05469,0
2017-08-11 03:40:00,35.15625,1.69922,0.23804,0.05274,0.00879
2017-08-11 03:50:00,3.51563,3.98438,0.2832,0.42188,0.00586
2017-08-11 04:00:00,6.67969,4.74609,0.11108,-0.14062,0.00586
2017-08-11 04:10:00,3.51563,4.21875,0.19409,0.12305,0.00586
2017-08-11 04:20:00,359.64844,4.6875,0.1355,0.14062,-0.00293
2017-08-11 04:30:00,348.04688,4.39453,0.13794,0.07031,0.00293
2017-08-11 04:40:00,358.59375,4.27734,0.13916,0,0.00586
2017-08-11 04:50:00,357.1875,4.04297,0.14526,-0.01758,0.00586
2017-08-11 05:00:00,3.51563,4.10156,0.12329,-0.07031,0.00293
2017-08-11 05:10:00,10.54688,3.80859,0.13916,0.19336,0.00293
2017-08-11 05:20:00,5.625,3.75,0.16602,-0.03516,-0.00293
2017-08-11 05:30:00,21.09375,3.80859,0.15625,-0.08789,0.00293
2017-08-11 05:40:00,43.24219,3.22266,0.2002,-0.14062,-0.00879
2017-08-11 05:50:00,39.375,2.63672,0.13428,-0.21094,0
2017-08-11 06:00:00,17.57813,3.16406,0.17944,-0.03516,0
2017-08-11 06:10:00,20.03906,2.87109,0.19898,-0.28125,0.00293
2017-08-11 06:20:00,34.80469,2.57813,0.18066,0.1582,0
2017-08-11 06:30:00,34.10156,1.93359,0.20874,-0.12305,-0.00293
2017-08-11 06:40:00,7.03125,1.875,0.20874,-0.12305,0.00586
2017-08-11 06:50:00,9.14063,1.875,0.29785,-0.42188,0.00293
2017-08-11 07:00:00,0.70313,1.93359,0.21728,-0.17578,-0.00879
2017-08-11 07:10:00,359.29688,2.34375,0.22583,0.19336,0.00586
2017-08-11 07:20:00,343.82813,2.51953,0.2063,-0.08789,-0.00586
2017-08-11 07:30:00,337.5,2.69531,0.1416,-0.03516,0
2017-08-11 07:40:00,335.74219,2.51953,0.21973,-0.21094,0.00293
2017-08-11 07:50:00,337.14844,2.10938,0.23926,-0.31641,-0.00586
2017-08-11 08:00:00,346.64063,2.05078,0.24414,-0.24609,0.00586
2017-08-11 08:10:00,312.89063,1.875,0.26367,0.12305,0.00293
2017-08-11 08:20:00,330.46875,2.98828,0.2417,-0.14062,0.00586
2017-08-11 08:30:00,326.60156,2.87109,0.17822,-0.14062,-0.00293
2017-08-11 08:40:00,340.66406,2.63672,0.2417,-0.17578,-0.01172
2017-08-11 08:50:00,331.52344,2.98828,0.20264,0.24609,0
2017-08-11 09:00:00,338.90625,3.51563,0.35278,-0.28125,-0.00293
2017-08-11 09:10:00,324.14063,3.45703,0.28931,-0.14062,0.00879
2017-08-11 09:20:00,323.78906,3.04688,0.16479,-0.05273,0.00293
2017-08-11 09:30:00,319.21875,3.39844,0.16479,-0.10547,0.00293
2017-08-11 09:40:00,312.53906,3.16406,0.16357,-0.08789,0.00293
2017-08-11 09:50:00,310.78125,2.92969,0.19775,0.01758,0
2017-08-11 10:00:00,308.67188,2.16797,0.2124,-0.35156,0.00586
2017-08-11 10:10:00,291.09375,2.63672,0.22095,-0.08789,0.00879
2017-08-11 10:20:00,295.3125,2.57813,0.21728,0.01758,0.00293
2017-08-11 10:30:00,293.20313,3.04688,0.1831,0.26367,0
2017-08-11 10:40:00,286.52344,3.10547,0.30151,0.26367,-0.00879
2017-08-11 10:50:00,292.85156,3.51563,0.21362,0.12305,0
2017-08-11 11:00:00,281.60156,3.22266,0.20996,0.24609,0.00293
2017-08-11 11:10:00,282.30469,3.57422,0.2002,-0.07031,-0.00293
2017-08-11 11:20:00,285.11719,3.92578,0.16724,-0.05273,-0.00293
2017-08-11 11:30:00,281.25,3.92578,0.13794,-0.03516,0.00293
2017-08-11 11:40:00,282.65625,4.16016,0.19409,0.05273,-0.00586
2017-08-11 11:50:00,264.72656,3.45703,0.14648,0.07031,0.00293
2017-08-11 12:00:00,270.70313,3.04688,0.25269,0.10547,0.00293
2017-08-11 12:10:00,254.53125,2.51953,0.26733,-0.03516,0
2017-08-11 12:20:00,243.63281,2.75391,0.14648,0.05273,-0.00293
2017-08-11 12:30:00,254.17969,3.28125,0.16479,-0.07031,0
2017-08-11 12:40:00,254.53125,3.98438,0.09155,0,0
2017-08-11 12:50:00,259.10156,3.98438,0.14038,0.03516,0.00293
2017-08-11 13:00:00,254.17969,4.39453,0.14038,-0.01758,0
2017-08-11 13:10:00,258.75,5.15625,0.11231,-0.03516,0.00293
2017-08-11 13:20:00,253.82813,5.33203,0.11719,0.01758,0.00879
2017-08-11 13:30:00,262.26563,5.44922,0.08911,-0.12305,0.00879
2017-08-11 13:40:00,258.39844,5.68359,0.10742,0.01758,0.00293
2017-08-11 13:50:00,256.28906,6.09375,0.11475,0,0
2017-08-11 14:00:00,257.69531,6.32813,0.11353,-0.08789,0.01172
2017-08-11 14:10:00,258.04688,6.50391,0.12207,0.19336,-0.00879
2017-08-11 14:20:00,259.45313,6.73828,0.1062,0.01758,-0.00293
2017-08-11 14:30:00,260.15625,6.38672,0.11963,-0.05273,-0.00586
2017-08-11 14:40:00,260.50781,6.26953,0.10864,-0.01758,-0.00293
2017-08-11 14:50:00,257.69531,5.625,0.1416,-0.01758,-0.00879
2017-08-11 15:00:00,245.74219,5.39063,0.12451,0.08789,0.00293
2017-08-11 15:10:00,240.82031,5.15625,0.13428,0,-0.00586
2017-08-11 15:20:00,241.17188,5.15625,0.14648,-0.22852,0.00586
2017-08-11 15:30:00,235.19531,5.09766,0.17822,-0.07031,0.00293
2017-08-11 15:40:00,232.03125,5.44922,0.13428,0.14062,0.00586
2017-08-11 15:50:00,230.27344,5.56641,0.12817,-0.07031,-0.00586
2017-08-11 16:00:00,233.78906,5.91797,0.11231,-0.01758,0.00586
2017-08-11 16:10:00,234.14063,6.50391,0.11108,-0.14062,0.00586
2017-08-11 16:20:00,230.625,6.32813,0.11963,-0.1582,0
2017-08-11 16:30:00,226.75781,6.32813,0.13306,0.07031,-0.01172
2017-08-11 16:40:00,227.10938,6.73828,0.11475,-0.1582,0.00879
2017-08-11 16:50:00,218.32031,6.91406,0.12695,0.19336,0.00293
2017-08-11 17:00:00,220.78125,6.85547,0.13428,0.08789,-0.00293
2017-08-11 17:10:00,219.72656,7.14844,0.1355,0.19336,0
2017-08-11 17:20:00,217.96875,7.08984,0.09399,-0.10547,-0.00293
2017-08-11 17:30:00,216.5625,7.5,0.08301,-0.01758,-0.00586
2017-08-11 17:40:00,219.375,8.02734,0.08789,-0.12305,0
2017-08-11 17:50:00,219.375,8.84766,0.09521,0.1582,0.00879
2017-08-11 18:00:00,222.53906,9.08203,0.12085,-0.07031,-0.00293
2017-08-11 18:10:00,220.78125,9.66797,0.08789,0.08789,0.00879
2017-08-11 18:20:00,222.53906,9.60938,0.10742,-0.03516,0.00879
2017-08-11 18:30:00,221.13281,10.07813,0.09521,0,0.00586
2017-08-11 18:40:00,223.24219,9.60938,0.11108,-0.08789,0
2017-08-11 18:50:00,225.70313,10.01953,0.09399,0.05273,0.00293
2017-08-11 19:00:00,225.35156,10.48828,0.12695,0.01758,0.02344
2017-08-11 19:10:00,223.94531,10.83984,0.12085,0.03516,0.00879
2017-08-11 19:20:00,229.57031,11.07422,0.11841,0.03516,0.01758
2017-08-11 19:30:00,230.97656,11.19141,0.13184,0,-0.00879
2017-08-11 19:40:00,227.10938,10.83984,0.10742,-0.19336,0.00586
2017-08-11 19:50:00,231.67969,11.01563,0.13672,-0.1582,-0.00879
2017-08-11 20:00:00,233.78906,11.60156,0.10864,0.08789,-0.01758
2017-08-11 20:10:00,232.03125,11.36719,0.10498,0.08789,0.00293
2017-08-11 20:20:00,237.30469,11.42578,0.1355,-0.19336,-0.02051
2017-08-11 20:30:00,232.73438,11.71875,0.1416,0.28125,0.03516
2017-08-11 20:40:00,232.73438,12.24609,0.12085,0.17578,0.01758
2017-08-11 20:50:00,233.78906,11.66016,0.14893,0.35156,0.01172
2017-08-11 21:00:00,243.28125,11.19141,0.10864,-0.08789,-0.01172
2017-08-11 21:10:00,246.44531,12.01172,0.12573,-0.12305,0.02344
2017-08-11 21:20:00,249.25781,11.71875,0.10864,0.10547,0.02637
2017-08-11 21:30:00,250.3125,11.36719,0.08667,0.07031,-0.0293
2017-08-11 21:40:00,256.64063,11.36719,0.1355,-0.22852,-0.00879
2017-08-11 21:50:00,257.34375,11.42578,0.10864,-0.01758,0.00879
2017-08-11 22:00:00,259.80469,11.13281,0.11231,-0.07031,0.01758
2017-08-11 22:10:00,257.69531,10.78125,0.16479,0.24609,0.00586
2017-08-11 22:20:00,255.23438,11.13281,0.12085,-0.01758,0.01465
2017-08-11 22:30:00,252.77344,10.48828,0.11841,-0.24609,0.00586
2017-08-11 22:40:00,250.66406,10.78125,0.1001,-0.10547,0.03223
2017-08-11 22:50:00,252.77344,9.96094,0.12817,0,0.01172
2017-08-11 23:00:00,255.23438,9.49219,0.12573,-0.03516,-0.01465
2017-08-11 23:10:00,259.80469,9.66797,0.11963,-0.22852,0.00586
2017-08-11 23:20:00,264.375,9.02344,0.10254,-0.10547,-0.02051
2017-08-11 23:30:00,272.10938,8.96484,0.10742,-0.07031,0.00586
2017-08-11 23:40:00,273.86719,8.78906,0.09399,-0.10547,0
2017-08-11 23:50:00,272.8125,8.4375,0.11963,0.10547,0.00879
2017-08-12 00:00:00,276.67969,8.73047,0.10742,0.10547,0.01172
2017-08-12 00:10:00,273.86719,7.26563,0.13428,0.10547,0.02051
2017-08-12 00:20:00,268.24219,7.79297,0.11353,-0.07031,-0.00586
2017-08-12 00:30:00,272.46094,8.08594,0.10986,-0.01758,-0.01465
2017-08-12 00:40:00,265.78125,7.79297,0.11597,0.21094,0.02051
2017-08-12 00:50:00,273.16406,8.61328,0.10132,-0.05273,0
2017-08-12 01:00:00,272.10938,8.73047,0.10254,0.10547,-0.01465
2017-08-12 01:10:00,275.625,9.02344,0.14282,-0.12305,-0.01172
2017-08-12 01:20:00,278.78906,9.78516,0.11597,0.03516,0.01465
2017-08-12 01:30:00,278.4375,9.66797,0.13306,0.10547,-0.00586
2017-08-12 01:40:00,271.40625,9.96094,0.14038,-0.07031,0
2017-08-12 01:50:00,271.05469,9.72656,0.12085,-0.14062,0.02344
2017-08-12 02:00:00,266.13281,8.67188,0.1831,-0.08789,-0.00879
2017-08-12 02:10:00,268.59375,9.08203,0.15503,-0.1582,-0.03516
2017-08-12 02:20:00,261.91406,9.72656,0.10986,-0.14062,0.00879
2017-08-12 02:30:00,260.15625,8.84766,0.14282,0.01758,-0.00586
2017-08-12 02:40:00,252.07031,8.78906,0.17578,0.12305,0.00293
2017-08-12 02:50:00,262.96875,9.375,0.16357,-0.19336,0.02051
2017-08-12 03:00:00,264.375,9.66797,0.14893,0.22852,0.04394
2017-08-12 03:10:00,260.50781,9.49219,0.15137,0.12305,-0.01172
2017-08-12 03:20:00,265.07813,9.72656,0.14282,0,-0.03516
2017-08-12 03:30:00,264.375,10.25391,0.14648,0.10547,0.02051
2017-08-12 03:40:00,260.50781,10.07813,0.13794,0,0.00293
2017-08-12 03:50:00,259.80469,9.96094,0.14038,-0.01758,0.0293
2017-08-12 04:00:00,261.5625,10.25391,0.17944,-0.07031,-0.00293
2017-08-12 04:10:00,261.5625,10.25391,0.12573,0.21094,0.00879
2017-08-12 04:20:00,266.48438,9.78516,0.11719,-0.07031,-0.01172
2017-08-12 04:30:00,268.59375,9.375,0.13184,-0.22852,-0.00293
2017-08-12 04:40:00,273.51563,10.01953,0.11597,-0.10547,0.01172
2017-08-12 04:50:00,274.92188,10.19531,0.13672,-0.14062,-0.02051
2017-08-12 05:00:00,272.46094,9.43359,0.16602,0,-0.00293
2017-08-12 05:10:00,270,8.73047,0.15747,-0.22852,-0.00586
2017-08-12 05:20:00,270.70313,10.07813,0.10132,0.01758,0.01758
2017-08-12 05:30:00,273.51563,10.19531,0.10376,-0.05273,0.01758
2017-08-12 05:40:00,272.8125,9.96094,0.09521,0.24609,0.00586
2017-08-12 05:50:00,273.51563,10.25391,0.10742,0.01758,0.00586
2017-08-12 06:00:00,271.05469,9.90234,0.1355,0.08789,0.00879
2017-08-12 06:10:00,273.51563,10.01953,0.13428,0.19336,0.01465
2017-08-12 06:20:00,278.08594,10.07813,0.13672,-0.05273,-0.00586
2017-08-12 06:30:00,280.19531,9.72656,0.15869,-0.01758,0
2017-08-12 06:40:00,279.49219,9.72656,0.12085,-0.1582,-0.01465
2017-08-12 06:50:00,279.14063,9.60938,0.14404,-0.14062,0.00879
2017-08-12 07:00:00,280.89844,9.84375,0.17456,0.08789,-0.01172
2017-08-12 07:10:00,293.55469,10.13672,0.12329,0.24609,0.01465
2017-08-12 07:20:00,288.28125,8.90625,0.12207,0.07031,0
2017-08-12 07:30:00,287.57813,9.14063,0.13916,0.26367,0.00879
2017-08-12 07:40:00,290.74219,9.78516,0.14404,-0.19336,0.00586
2017-08-12 07:50:00,277.73438,10.25391,0.14038,0.07031,0.04102
2017-08-12 08:00:00,283.00781,10.72266,0.11231,-0.10547,-0.00293
2017-08-12 08:10:00,285.46875,9.25781,0.16968,-0.05273,0.00293
2017-08-12 08:20:00,283.35938,8.49609,0.16846,0.17578,0.00293
2017-08-12 08:30:00,281.60156,7.14844,0.21484,0.12305,-0.01172
2017-08-12 08:40:00,275.27344,7.91016,0.1416,-0.12305,0.01465
2017-08-12 08:50:00,266.83594,8.14453,0.13062,-0.08789,0.01465
2017-08-12 09:00:00,278.4375,9.375,0.14404,0.07031,-0.00879
2017-08-12 09:10:00,280.89844,9.96094,0.15625,-0.07031,0.00293
2017-08-12 09:20:00,281.95313,10.01953,0.13916,0.08789,0.00586
2017-08-12 09:30:00,284.76563,9.08203,0.16235,-0.03516,-0.01465
2017-08-12 09:40:00,279.14063,9.14063,0.10986,0.1582,-0.00586
2017-08-12 09:50:00,280.54688,9.31641,0.14648,0.05273,-0.01465
2017-08-12 10:00:00,279.14063,8.78906,0.16724,0.07031,0.01758
2017-08-12 10:10:00,279.84375,9.25781,0.14771,-0.05273,0.00586
2017-08-12 10:20:00,278.4375,10.01953,0.12573,-0.01758,0.01758
2017-08-12 10:30:00,282.30469,9.25781,0.15137,0.01758,-0.00293
2017-08-12 10:40:00,285.11719,9.25781,0.14038,-0.07031,0
2017-08-12 10:50:00,284.41406,9.375,0.15625,-0.01758,0.00293
2017-08-12 11:00:00,281.25,9.84375,0.16968,0.1582,0.01758
2017-08-12 11:10:00,284.0625,9.96094,0.14404,-0.17578,0.00586
2017-08-12 11:20:00,283.00781,9.14063,0.15259,0.12305,-0.02344
2017-08-12 11:30:00,285.46875,9.43359,0.13184,-0.26367,0.00586
2017-08-12 11:40:00,285.46875,9.49219,0.15015,0.05273,-0.00586
2017-08-12 11:50:00,288.28125,9.08203,0.16113,0.05273,0.01465
2017-08-12 12:00:00,285.82031,9.19922,0.11353,-0.01758,-0.03223
2017-08-12 12:10:00,288.98438,9.14063,0.17456,0.05273,-0.01172
2017-08-12 12:20:00,289.6875,9.60938,0.10376,0,0.02344
2017-08-12 12:30:00,288.63281,9.31641,0.13306,0.01758,-0.00293
2017-08-12 12:40:00,285.46875,9.25781,0.13306,0.05273,0.01172
2017-08-12 12:50:00,286.52344,9.25781,0.13428,-0.10547,0
2017-08-12 13:00:00,291.09375,8.84766,0.13184,0.03516,-0.02051
2017-08-12 13:10:00,288.98438,8.90625,0.11719,0.08789,-0.00586
2017-08-12 13:20:00,294.25781,9.02344,0.13184,-0.21094,0.00879
2017-08-12 13:30:00,290.03906,8.02734,0.12329,0.26367,0.00879
2017-08-12 13:40:00,296.71875,8.73047,0.11841,0.01758,-0.01758
2017-08-12 13:50:00,295.66406,9.55078,0.12451,-0.05273,0.00879
2017-08-12 14:00:00,297.77344,9.14063,0.13428,-0.01758,-0.01758
2017-08-12 14:10:00,293.55469,9.90234,0.12085,-0.01758,0.02344
2017-08-12 14:20:00,307.96875,9.49219,0.12695,0,-0.00586
2017-08-12 14:30:00,309.02344,9.84375,0.13062,-0.22852,0.00293
2017-08-12 14:40:00,305.85938,9.60938,0.11841,-0.03516,-0.00586
2017-08-12 14:50:00,308.32031,9.49219,0.11108,-0.10547,-0.01172
2017-08-12 15:00:00,310.07813,9.55078,0.15503,-0.01758,-0.00586
2017-08-12 15:10:00,307.96875,10.25391,0.14404,0.01758,0.00879
2017-08-12 15:20:00,304.45313,9.49219,0.10742,-0.05273,0.01172
2017-08-12 15:30:00,306.21094,8.90625,0.11597,0.01758,0.00293
2017-08-12 15:40:00,311.48438,8.90625,0.11963,0.07031,0.00879
2017-08-12 15:50:00,306.21094,7.73438,0.13672,-0.01758,-0.00879
2017-08-12 16:00:00,304.45313,8.37891,0.13062,0,0.00879
2017-08-12 16:10:00,305.85938,9.49219,0.13916,0.01758,0.02637
2017-08-12 16:20:00,313.24219,9.02344,0.15503,0.05273,-0.02344
2017-08-12 16:30:00,310.07813,9.49219,0.12573,0.17578,-0.00293
2017-08-12 16:40:00,312.89063,9.60938,0.13062,0.05273,0.00586
2017-08-12 16:50:00,307.26563,9.375,0.15381,0.28125,0.02051
2017-08-12 17:00:00,312.53906,9.60938,0.11353,0.14062,0.01465
2017-08-12 17:10:00,312.53906,9.55078,0.10864,0.21094,0.00293
2017-08-12 17:20:00,315,9.02344,0.1062,-0.08789,0.00293
2017-08-12 17:30:00,314.64844,8.67188,0.13672,-0.08789,-0.00879
2017-08-12 17:40:00,311.48438,7.67578,0.12817,0.01758,0.01172
2017-08-12 17:50:00,309.72656,7.55859,0.15869,-0.01758,-0.00293
2017-08-12 18:00:00,306.5625,6.73828,0.12207,0.08789,-0.00586
2017-08-12 18:10:00,297.07031,6.38672,0.15381,0.1582,0.00586
2017-08-12 18:20:00,300.23438,6.50391,0.11597,0.12305,-0.00293
2017-08-12 18:30:00,296.01563,6.44531,0.14771,0.12305,0.00586
2017-08-12 18:40:00,305.50781,6.5625,0.14282,-0.07031,0.00879
2017-08-12 18:50:00,294.96094,6.32813,0.12695,-0.21094,0.00293
2017-08-12 19:00:00,298.47656,6.50391,0.10986,-0.14062,-0.00293
2017-08-12 19:10:00,293.90625,6.32813,0.12695,0,-0.00293
2017-08-12 19:20:00,292.5,5.85938,0.13306,0.14062,0.00586
2017-08-12 19:30:00,296.36719,5.85938,0.17334,0.03516,0
2017-08-12 19:40:00,293.55469,5.50781,0.15137,-0.10547,0.00293
2017-08-12 19:50:00,296.01563,5.21484,0.13428,0.07031,0.00879
2017-08-12 20:00:00,294.25781,4.98047,0.14404,0.17578,0.00293
2017-08-12 20:10:00,292.5,4.62891,0.11108,0.05273,-0.00879
2017-08-12 20:20:00,288.63281,4.74609,0.13672,0.19336,0.00586
2017-08-12 20:30:00,288.28125,5.15625,0.12695,-0.26367,0.00879
2017-08-12 20:40:00,289.6875,5.03906,0.11719,-0.22852,0.00879
2017-08-12 20:50:00,292.85156,5.56641,0.13428,0,0.01172
2017-08-12 21:00:00,292.5,5.21484,0.13916,0.14062,-0.00293
2017-08-12 21:10:00,284.41406,5.27344,0.12695,0.07031,-0.00293
2017-08-12 21:20:00,281.60156,5.56641,0.11719,-0.05273,0.00879
2017-08-12 21:30:00,282.65625,5.625,0.1001,0.29883,0.00879
2017-08-12 21:40:00,278.78906,5.56641,0.12085,0.10547,0.00293
2017-08-12 21:50:00,274.21875,5.15625,0.15381,0.03516,-0.00586
2017-08-12 22:00:00,277.38281,4.92188,0.17212,0.01758,-0.00586
2017-08-12 22:10:00,271.05469,4.6875,0.15869,0.05273,-0.00586
2017-08-12 22:20:00,273.16406,4.6875,0.10498,0.01758,0.00586
2017-08-12 22:30:00,271.05469,4.62891,0.1416,0.03516,0
2017-08-12 22:40:00,268.59375,5.09766,0.14038,0.01758,0.00293
2017-08-12 22:50:00,267.1875,4.92188,0.12085,0.05273,0.01758
2017-08-12 23:00:00,277.38281,4.98047,0.08911,-0.1582,-0.00293
2017-08-12 23:10:00,270,4.92188,0.14771,-0.1582,-0.00293
2017-08-12 23:20:00,268.94531,4.57031,0.13916,-0.10547,0
2017-08-12 23:30:00,272.10938,4.62891,0.13062,-0.08789,-0.00586
2017-08-12 23:40:00,270,4.39453,0.18799,0.10547,0.01465
2017-08-12 23:50:00,263.67188,4.45313,0.21973,-0.12305,-0.00586
2017-08-13 00:00:00,265.07813,4.62891,0.18799,-0.08789,0.00293
2017-08-13 00:10:00,261.21094,4.45313,0.19898,0.1582,-0.00293
2017-08-13 00:20:00,263.67188,5.03906,0.22339,-0.14062,0.00586
2017-08-13 00:30:00,259.45313,4.74609,0.21851,0.03516,0.00293
2017-08-13 00:40:00,261.21094,4.86328,0.16235,-0.1582,0.00879
2017-08-13 00:50:00,265.42969,5.44922,0.21118,-0.07031,0.01465
2017-08-13 01:00:00,263.32031,4.86328,0.14771,-0.22852,-0.00293
2017-08-13 01:10:00,264.375,5.15625,0.17578,0.05273,-0.01172
2017-08-13 01:20:00,247.14844,5.56641,0.1709,0.21094,0.00586
2017-08-13 01:30:00,242.22656,7.03125,0.13794,-0.03516,0.01758
2017-08-13 01:40:00,246.79688,7.55859,0.1355,0.19336,0.01465
2017-08-13 01:50:00,290.74219,5.625,0.26489,-0.22852,0.00586
2017-08-13 02:00:00,284.41406,4.51172,0.35767,0.1582,0.01758
2017-08-13 02:10:00,333.28125,6.85547,0.15259,0.05273,-0.00586
2017-08-13 02:20:00,345.23438,8.90625,0.26977,0.08789,-0.00293
2017-08-13 02:30:00,343.47656,7.79297,0.12817,-0.05273,-0.01758
2017-08-13 02:40:00,350.85938,7.5,0.11353,-0.28125,-0.01172
2017-08-13 02:50:00,352.26563,7.44141,0.14526,-0.01758,0.01465
2017-08-13 03:00:00,354.02344,7.08984,0.16235,0.21094,0
2017-08-13 03:10:00,353.32031,6.50391,0.12817,0.1582,-0.01465
2017-08-13 03:20:00,5.27344,5.80078,0.16479,-0.01758,0.00293
2017-08-13 03:30:00,4.57031,5.80078,0.15747,0.24609,0
2017-08-13 03:40:00,8.08594,6.38672,0.13916,-0.07031,-0.00293
2017-08-13 03:50:00,12.65625,6.03516,0.13428,-0.10547,-0.00293
2017-08-13 04:00:00,13.00781,6.32813,0.13184,-0.05273,-0.01172
2017-08-13 04:10:00,13.35938,6.73828,0.17456,-0.14062,0.00879
2017-08-13 04:20:00,3.86719,6.09375,0.18188,0.17578,-0.01758
2017-08-13 04:30:00,13.71094,6.62109,0.18066,-0.19336,0.00586
2017-08-13 04:40:00,11.60156,6.38672,0.16357,-0.01758,-0.00293
2017-08-13 04:50:00,1.75781,5.50781,0.17212,0.24609,-0.00879
2017-08-13 05:00:00,5.27344,5.91797,0.17334,0.1582,0.00879
2017-08-13 05:10:00,10.89844,5.74219,0.17212,-0.22851,0.00879
2017-08-13 05:20:00,8.08594,6.73828,0.12573,0.17578,0.00879
2017-08-13 05:30:00,11.95313,6.44531,0.10742,0.10547,0.01172
2017-08-13 05:40:00,3.16406,6.15234,0.11841,0.14062,0.00293
2017-08-13 05:50:00,8.4375,6.15234,0.15625,-0.17578,0.00293
2017-08-13 06:00:00,19.6875,5.44922,0.17456,-0.21094,-0.00586
2017-08-13 06:10:00,16.17188,5.50781,0.11597,-0.1582,0.00879
2017-08-13 06:20:00,7.03125,5.80078,0.12573,0,0.00879
2017-08-13 06:30:00,6.67969,5.44922,0.11841,0.17578,0.01465
2017-08-13 06:40:00,11.95313,5.50781,0.11231,-0.03516,0.00293
2017-08-13 06:50:00,13.71094,5.27344,0.11841,-0.12305,-0.01172
2017-08-13 07:00:00,9.84375,5.33203,0.10132,0,0.00293
2017-08-13 07:10:00,13.00781,5.27344,0.10742,0.05273,-0.00586
2017-08-13 07:20:00,20.39063,5.09766,0.13428,-0.35156,0
2017-08-13 07:30:00,17.22656,4.80469,0.18555,0.17578,-0.01172
2017-08-13 07:40:00,18.63281,4.51172,0.1709,-0.01758,-0.00293
2017-08-13 07:50:00,22.14844,4.57031,0.16724,-0.21094,0.00293
2017-08-13 08:00:00,27.07031,4.86328,0.1416,-0.01758,-0.00293
2017-08-13 08:10:00,25.3125,4.74609,0.13916,0.05274,-0.00293
2017-08-13 08:20:00,28.125,4.6875,0.1355,-0.07031,0.00586
2017-08-13 08:30:00,26.71875,4.27734,0.13306,-0.21094,-0.00586
2017-08-13 08:40:00,24.25781,4.33594,0.17334,-0.10547,0.00293
2017-08-13 08:50:00,29.53125,4.45313,0.15869,0.1582,0.00293
2017-08-13 09:00:00,39.72656,4.33594,0.16968,-0.22851,0.00293
2017-08-13 09:10:00,41.13281,4.45313,0.15503,-0.1582,0
2017-08-13 09:20:00,47.8125,3.92578,0.14526,0.01758,0
2017-08-13 09:30:00,53.4375,3.92578,0.19531,0.19336,-0.00293
2017-08-13 09:40:00,45.70313,3.69141,0.15869,0.07031,0
2017-08-13 09:50:00,47.10938,3.45703,0.2002,0,-0.00293
2017-08-13 10:00:00,46.75781,3.51563,0.1831,0,-0.01172
2017-08-13 10:10:00,63.98438,3.45703,0.16479,0.05273,-0.00293
2017-08-13 10:20:00,61.17188,3.63281,0.15259,-0.01758,0.00586
2017-08-13 10:30:00,65.03906,3.28125,0.19409,-0.12305,-0.00293
2017-08-13 10:40:00,54.49219,3.33984,0.17212,-0.05274,0
2017-08-13 10:50:00,53.4375,2.98828,0.15747,-0.03516,0.00879
2017-08-13 11:00:00,43.59375,3.45703,0.17822,0.03516,0.00293
2017-08-13 11:10:00,56.60156,3.16406,0.20508,-0.01758,0.00586
2017-08-13 11:20:00,57.30469,2.98828,0.18188,-0.21094,-0.00586
2017-08-13 11:30:00,53.4375,2.69531,0.21851,-0.14062,-0.00293
2017-08-13 11:40:00,57.65625,2.57813,0.22827,-0.03516,-0.01172
2017-08-13 11:50:00,49.57031,3.16406,0.2002,0,-0.00293
2017-08-13 12:00:00,59.41406,3.10547,0.19531,-0.07031,0.00293
2017-08-13 12:10:00,46.40625,3.04688,0.15503,0,0.00586
2017-08-13 12:20:00,48.86719,3.10547,0.1416,-0.10547,0
2017-08-13 12:30:00,42.1875,3.16406,0.31738,-0.17578,0
2017-08-13 12:40:00,37.96875,2.87109,0.16724,0.1582,-0.00293
2017-08-13 12:50:00,33.39844,2.69531,0.15259,-0.17578,-0.00879
2017-08-13 13:00:00,39.375,2.87109,0.25024,-0.14062,-0.00586
2017-08-13 13:10:00,33.04688,2.92969,0.17578,0.28125,0
2017-08-13 13:20:00,43.94531,2.8125,0.17334,-0.26367,0
2017-08-13 13:30:00,34.45313,2.69531,0.17456,-0.14062,0
2017-08-13 13:40:00,19.6875,2.40234,0.20142,0.24609,0.00293
2017-08-13 13:50:00,34.10156,2.28516,0.21362,0.03516,-0.00586
2017-08-13 14:00:00,33.04688,2.46094,0.21851,-0.01758,0.00586
2017-08-13 14:10:00,33.04688,2.10938,0.21362,-0.05274,0.00586
2017-08-13 14:20:00,21.44531,2.28516,0.16724,0.05274,-0.00586
2017-08-13 14:30:00,30.9375,2.16797,0.16357,-0.21094,0
2017-08-13 14:40:00,29.88281,2.40234,0.20752,-0.14062,0.00293
2017-08-13 14:50:00,32.69531,2.28516,0.17334,0.01758,0.00586
2017-08-13 15:00:00,23.90625,2.28516,0.18433,0.29883,0.00586
2017-08-13 15:10:00,23.20313,2.63672,0.16968,0.03516,0.00293
2017-08-13 15:20:00,23.55469,2.28516,0.17822,-0.05274,-0.00293
2017-08-13 15:30:00,17.22656,2.46094,0.19165,-0.01758,0
2017-08-13 15:40:00,35.50781,2.75391,0.14282,-0.01758,0
2017-08-13 15:50:00,36.91406,2.75391,0.20264,-0.14062,-0.00586
2017-08-13 16:00:00,34.80469,3.39844,0.15869,0.10547,0.00586
2017-08-13 16:10:00,36.91406,3.80859,0.23682,0.28125,0.00586
2017-08-13 16:20:00,37.96875,3.80859,0.15503,-0.08789,0.00586
2017-08-13 16:30:00,32.69531,4.21875,0.12695,0.03516,0.00879
2017-08-13 16:40:00,42.53906,4.21875,0.15747,0.01758,-0.00586
2017-08-13 16:50:00,39.375,5.03906,0.16113,-0.10547,0
2017-08-13 17:00:00,47.8125,4.86328,0.10498,-0.03516,-0.00586
2017-08-13 17:10:00,51.32813,5.21484,0.11475,-0.03516,0.00293
2017-08-13 17:20:00,48.51563,4.98047,0.15625,-0.07031,0.00293
2017-08-13 17:30:00,45.35156,4.27734,0.11963,0,-0.00293
2017-08-13 17:40:00,53.08594,3.92578,0.16479,-0.21094,-0.01172
2017-08-13 17:50:00,48.86719,3.98438,0.10986,0.07031,0
2017-08-13 18:00:00,53.78906,3.57422,0.09766,-0.21094,0.00293
2017-08-13 18:10:00,43.94531,3.45703,0.15503,0.05274,-0.00293
2017-08-13 18:20:00,39.72656,3.22266,0.15869,-0.08789,-0.00293
2017-08-13 18:30:00,34.10156,3.22266,0.1294,-0.1582,0.00293
2017-08-13 18:40:00,33.75,3.04688,0.12817,-0.01758,0
2017-08-13 18:50:00,37.96875,3.04688,0.16235,-0.07031,0
2017-08-13 19:00:00,29.53125,2.75391,0.2002,-0.29883,-0.00293
2017-08-13 19:10:00,25.3125,2.40234,0.20142,-0.01758,-0.00293
2017-08-13 19:20:00,24.96094,2.16797,0.17822,-0.19336,0
2017-08-13 19:30:00,44.64844,1.875,0.23682,-0.35156,0.00293
2017-08-13 19:40:00,51.67969,1.58203,0.23071,-0.12305,0
2017-08-13 19:50:00,74.88281,1.11328,0.27344,0.66797,0
2017-08-13 20:00:00,112.14844,2.98828,0.43701,0.01758,0.00586
2017-08-13 20:10:00,104.41406,4.74609,0.10498,0,-0.00586
2017-08-13 20:20:00,106.52344,5.85938,0.10376,0.05274,0.00293
2017-08-13 20:30:00,105.46875,5.80078,0.09521,-0.01758,-0.01172
2017-08-13 20:40:00,103.35938,5.74219,0.10254,-0.08789,-0.00586
2017-08-13 20:50:00,100.89844,5.50781,0.09155,-0.07031,-0.00586
2017-08-13 21:00:00,104.76563,5.44922,0.1062,-0.05273,-0.00879
2017-08-13 21:10:00,103.35938,5.56641,0.10986,-0.19336,0
2017-08-13 21:20:00,100.89844,5.21484,0.11353,-0.01758,-0.00586
2017-08-13 21:30:00,106.17188,4.62891,0.1355,-0.01758,-0.00293
2017-08-13 21:40:00,98.78906,4.51172,0.10864,-0.10547,0.00293
2017-08-13 21:50:00,89.29688,4.39453,0.11108,-0.01758,0.00586
2017-08-13 22:00:00,100.54688,4.27734,0.12695,-0.08789,-0.00586
2017-08-13 22:10:00,95.27344,4.74609,0.16479,0.03516,0.00586
2017-08-13 22:20:00,102.65625,4.92188,0.1062,-0.22851,0.00586
2017-08-13 22:30:00,102.30469,4.57031,0.16235,-0.03516,-0.00879
2017-08-13 22:40:00,104.76563,5.21484,0.11719,-0.10547,-0.00293
2017-08-13 22:50:00,105.46875,5.03906,0.14771,0.07031,0
2017-08-13 23:00:00,110.39063,4.98047,0.11963,-0.14062,-0.00586
2017-08-13 23:10:00,116.01563,5.03906,0.1294,-0.01758,-0.00879
2017-08-13 23:20:00,122.34375,4.57031,0.12329,-0.08789,0.00293
2017-08-13 23:30:00,122.69531,4.92188,0.12573,0.07031,-0.01465
2017-08-13 23:40:00,121.99219,6.32813,0.13062,-0.12305,0.01758
2017-08-13 23:50:00,117.77344,6.26953,0.13794,0.26367,-0.00879
2017-08-14 00:00:00,126.91406,6.67969,0.12329,-0.24609,-0.01172
2017-08-14 00:10:00,131.48438,7.14844,0.15259,-0.19336,0.00879
2017-08-14 00:20:00,129.02344,6.97266,0.08789,0.12305,0
2017-08-14 00:30:00,129.375,6.09375,0.13184,-0.12305,-0.03223
2017-08-14 00:40:00,124.45313,6.38672,0.13794,-0.10547,-0.00586
2017-08-14 00:50:00,125.50781,6.09375,0.11719,-0.12305,-0.00293
2017-08-14 01:00:00,130.78125,6.03516,0.1294,-0.21094,0.00586
2017-08-14 01:10:00,133.59375,6.03516,0.12451,-0.1582,-0.01465
2017-08-14 01:20:00,136.05469,6.03516,0.14771,-0.21094,0.00879
2017-08-14 01:30:00,140.625,5.56641,0.18188,-0.1582,-0.00879
2017-08-14 01:40:00,136.05469,5.74219,0.14282,-0.1582,0.01465
2017-08-14 01:50:00,131.48438,5.27344,0.1294,-0.17578,0
2017-08-14 02:00:00,136.05469,5.33203,0.11353,-0.10547,0.00879
2017-08-14 02:10:00,142.38281,5.03906,0.14648,-0.05273,0.00293
2017-08-14 02:20:00,151.875,5.03906,0.14648,-0.12305,0.00293
2017-08-14 02:30:00,150.11719,4.86328,0.15015,0.03516,-0.00586
2017-08-14 02:40:00,150.11719,5.44922,0.10376,-0.14062,0.00293
2017-08-14 02:50:00,147.65625,5.03906,0.10864,-0.14062,-0.00879
2017-08-14 03:00:00,149.0625,4.80469,0.14771,-0.01758,0
2017-08-14 03:10:00,146.25,4.98047,0.11963,0.01758,-0.00293
2017-08-14 03:20:00,145.54688,4.51172,0.15869,0.21094,-0.00293
2017-08-14 03:30:00,148.00781,4.33594,0.13916,0,-0.00293
2017-08-14 03:40:00,150.11719,4.51172,0.11108,0,0.00293
2017-08-14 03:50:00,154.33594,4.51172,0.14282,-0.08789,0.00586
2017-08-14 04:00:00,156.44531,4.39453,0.14404,-0.24609,-0.00293
2017-08-14 04:10:00,149.0625,4.6875,0.12207,0,0
2017-08-14 04:20:00,149.41406,5.09766,0.12817,-0.1582,0.00879
2017-08-14 04:30:00,151.875,4.62891,0.13794,-0.05273,-0.00586
2017-08-14 04:40:00,157.14844,4.6875,0.13916,0.10547,-0.00293
2017-08-14 04:50:00,157.85156,5.03906,0.13916,0.08789,0.00879
2017-08-14 05:00:00,155.03906,5.33203,0.17212,-0.08789,0
2017-08-14 05:10:00,149.76563,6.09375,0.10498,0.03516,-0.00293
2017-08-14 05:20:00,153.63281,6.50391,0.13062,0.12305,0.00586
2017-08-14 05:30:00,155.39063,5.91797,0.1416,-0.10547,-0.02051
2017-08-14 05:40:00,155.39063,6.73828,0.16235,-0.07031,0.00879
2017-08-14 05:50:00,156.09375,6.15234,0.14038,0.05273,0
2017-08-14 06:00:00,152.92969,6.32813,0.13184,0.1582,0.01758
2017-08-14 06:10:00,158.55469,6.15234,0.13184,-0.07031,-0.00586
2017-08-14 06:20:00,157.14844,5.97656,0.10864,0.08789,0.00586
2017-08-14 06:30:00,161.71875,5.68359,0.14404,0.07031,-0.01758
2017-08-14 06:40:00,156.09375,5.97656,0.09766,0.1582,0
2017-08-14 06:50:00,159.60938,6.09375,0.12329,-0.17578,0.00879
2017-08-14 07:00:00,162.07031,6.03516,0.11353,-0.19336,0.00586
2017-08-14 07:10:00,158.90625,6.03516,0.11597,0,-0.00293
2017-08-14 07:20:00,156.44531,5.68359,0.10376,-0.1582,-0.00879
2017-08-14 07:30:00,156.09375,5.74219,0.10498,-0.01758,0.00293
2017-08-14 07:40:00,155.03906,5.21484,0.12085,0.17578,-0.00586
2017-08-14 07:50:00,157.5,5.21484,0.12207,-0.10547,0
2017-08-14 08:00:00,158.55469,5.27344,0.11353,-0.14062,0
2017-08-14 08:10:00,157.85156,5.27344,0.11231,-0.21094,-0.01465
2017-08-14 08:20:00,155.39063,5.09766,0.13672,-0.01758,0.00586
2017-08-14 08:30:00,156.44531,3.98438,0.16602,0.03516,-0.01465
2017-08-14 08:40:00,157.85156,3.92578,0.19165,0,-0.00293
2017-08-14 08:50:00,157.14844,3.98438,0.1709,-0.19336,0
2017-08-14 09:00:00,150.46875,3.33984,0.13062,0.14062,0
2017-08-14 09:10:00,154.6875,3.39844,0.177,-0.1582,0
2017-08-14 09:20:00,155.74219,3.10547,0.1709,0.07031,0
2017-08-14 09:30:00,151.52344,3.22266,0.16235,0.19336,0.00586
2017-08-14 09:40:00,155.39063,3.28125,0.17212,0.07031,-0.00586
2017-08-14 09:50:00,149.76563,2.98828,0.1416,-0.07031,0.00293
2017-08-14 10:00:00,142.38281,3.39844,0.15015,0.01758,0.00879
2017-08-14 10:10:00,133.94531,2.98828,0.20386,0.14062,-0.00586
2017-08-14 10:20:00,139.92188,3.04688,0.21118,-0.05274,0.00586
2017-08-14 10:30:00,133.94531,2.8125,0.18921,0.08789,0.01465
2017-08-14 10:40:00,137.46094,2.69531,0.1831,-0.05273,0.00293
2017-08-14 10:50:00,133.24219,2.34375,0.2002,-0.01758,0.00293
2017-08-14 11:00:00,132.1875,2.10938,0.19531,0.03516,0.00879
2017-08-14 11:10:00,129.72656,2.40234,0.18188,0.05273,0.01172
2017-08-14 11:20:00,126.5625,2.57813,0.13794,-0.17578,0.00879
2017-08-14 11:30:00,111.79688,2.46094,0.11231,-0.14062,0.00293
2017-08-14 11:40:00,114.60938,2.57813,0.12329,-0.1582,0.00879
2017-08-14 11:50:00,105.46875,2.40234,0.16846,-0.01758,0
2017-08-14 12:00:00,99.84375,2.46094,0.18188,0.03516,-0.00586
2017-08-14 12:10:00,99.14063,2.22656,0.12695,-0.17578,0
2017-08-14 12:20:00,89.29688,2.46094,0.12207,-0.03516,0.01172
2017-08-14 12:30:00,95.97656,2.40234,0.18921,-0.31641,0.01172
2017-08-14 12:40:00,99.49219,2.51953,0.12085,-0.12305,0.00293
2017-08-14 12:50:00,100.19531,2.92969,0.15503,-0.22851,0.01465
2017-08-14 13:00:00,92.8125,2.63672,0.13062,-0.17578,0.01172
2017-08-14 13:10:00,75.23438,2.57813,0.08301,-0.17578,0.00586
2017-08-14 13:20:00,76.64063,2.87109,0.08911,-0.36914,0.01172
2017-08-14 13:30:00,58.00781,3.10547,0.09277,-0.31641,0.00293
2017-08-14 13:40:00,54.84375,3.39844,0.10498,-0.1582,-0.00293
2017-08-14 13:50:00,56.95313,3.57422,0.09033,-0.14062,-0.00293
2017-08-14 14:00:00,50.97656,3.98438,0.06348,-0.14062,0
2017-08-14 14:10:00,61.17188,4.16016,0.05615,-0.35156,-0.00293
2017-08-14 14:20:00,65.03906,4.33594,0.05005,-0.49219,-0.00293
2017-08-14 14:30:00,67.85156,4.51172,0.04761,-0.58008,-0.00586
2017-08-14 14:40:00,77.34375,4.80469,0.06958,-0.4043,0
2017-08-14 14:50:00,81.5625,4.92188,0.04639,-0.33398,0.00293
2017-08-14 15:00:00,86.48438,5.15625,0.04761,-0.33398,0.00293
2017-08-14 15:10:00,91.05469,4.74609,0.06958,-0.17578,0.00586
2017-08-14 15:20:00,85.07813,4.51172,0.05615,-0.36914,0.00879
2017-08-14 15:30:00,90.70313,4.57031,0.06592,-0.21094,0.01172
2017-08-14 15:40:00,97.03125,5.09766,0.06348,-0.22851,0.02051
2017-08-14 15:50:00,98.78906,5.15625,0.05005,-0.33398,0.02637
2017-08-14 16:00:00,100.19531,5.44922,0.04883,-0.19336,0.02637
2017-08-14 16:10:00,106.875,6.03516,0.05371,-0.29883,0.02637
2017-08-14 16:20:00,111.79688,6.03516,0.04883,-0.07031,0.01758
2017-08-14 16:30:00,111.79688,6.50391,0.05371,-0.07031,0.00586
2017-08-14 16:40:00,111.44531,6.38672,0.05127,0.01758,0.00586
2017-08-14 16:50:00,113.90625,6.97266,0.05615,0.07031,0.00293
2017-08-14 17:00:00,114.96094,7.32422,0.07568,-0.03516,0.00879
2017-08-14 17:10:00,118.82813,6.97266,0.0415,-0.07031,0.00293
2017-08-14 17:20:00,118.125,6.50391,0.0708,0.01758,0.00293
2017-08-14 17:30:00,121.64063,6.15234,0.0769,0.07031,0
2017-08-14 17:40:00,138.86719,5.33203,0.15503,-0.17578,-0.00293
2017-08-14 17:50:00,150.82031,4.27734,0.15869,-0.08789,-0.00293
2017-08-14 18:00:00,167.34375,3.51563,0.12207,-0.17578,0.00293
2017-08-14 18:10:00,195.46875,3.10547,0.08423,-0.33398,0.01758
2017-08-14 18:20:00,201.44531,2.75391,0.11841,-0.54492,0.02637
2017-08-14 18:30:00,201.09375,3.28125,0.0769,-0.24609,0.03809
2017-08-14 18:40:00,203.20313,3.33984,0.05615,-0.01758,0.00879
2017-08-14 18:50:00,202.85156,2.8125,0.1294,0.03516,0.01172
2017-08-14 19:00:00,210.23438,2.28516,0.11841,-0.1582,0.00879
2017-08-14 19:10:00,210.23438,2.05078,0.10986,-0.24609,0.00586
2017-08-14 19:20:00,209.17969,1.81641,0.14526,-0.22851,0.00293
2017-08-14 19:30:00,208.125,1.75781,0.14893,-0.38672,0.01172
2017-08-14 19:40:00,194.0625,1.52344,0.15137,-0.1582,0.01465
2017-08-14 19:50:00,195.46875,1.58203,0.15503,0.03516,0.01758
2017-08-14 20:00:00,195.46875,1.58203,0.13428,-0.22852,0.01465
2017-08-14 20:10:00,158.20313,1.23047,0.20264,-0.59766,-0.00293
2017-08-14 20:20:00,151.875,1.34766,0.15991,-0.63281,0
2017-08-14 20:30:00,161.36719,1.34766,0.11963,-0.7207,0
2017-08-14 20:40:00,162.42188,1.46484,0.15259,-0.59766,0
2017-08-14 20:50:00,156.79688,1.58203,0.16235,-0.50977,-0.00293
2017-08-14 21:00:00,133.94531,1.875,0.16602,-0.65039,-0.00586
2017-08-14 21:10:00,119.53125,2.34375,0.10498,-0.36914,-0.02051
2017-08-14 21:20:00,118.82813,2.22656,0.10986,-0.35156,-0.02344
2017-08-14 21:30:00,119.17969,2.40234,0.1294,-0.4043,-0.01758
2017-08-14 21:40:00,118.47656,2.34375,0.09521,-0.36914,-0.01465
2017-08-14 21:50:00,125.85938,2.34375,0.1062,-0.49219,-0.01465
2017-08-14 22:00:00,137.46094,2.46094,0.07935,-0.68555,0
2017-08-14 22:10:00,137.46094,2.40234,0.09644,-0.68555,0
2017-08-14 22:20:00,121.28906,2.75391,0.16724,-0.45703,-0.01465
2017-08-14 22:30:00,113.90625,3.10547,0.13672,-0.24609,-0.02051
2017-08-14 22:40:00,122.69531,2.8125,0.11719,-0.5625,-0.01465
2017-08-14 22:50:00,121.99219,2.46094,0.12207,-0.36914,-0.01465
2017-08-14 23:00:00,115.66406,2.69531,0.1416,-0.21094,-0.00879
2017-08-14 23:10:00,109.6875,3.28125,0.09277,-0.10547,-0.01172
2017-08-14 23:20:00,120.23438,3.16406,0.09033,-0.29883,0.00586
2017-08-14 23:30:00,131.48438,3.75,0.05981,-0.29883,0
2017-08-14 23:40:00,142.38281,4.04297,0.0769,-0.22852,0.01758
2017-08-14 23:50:00,149.76563,4.39453,0.06103,-0.12305,0.01465
